player_a,player_b,winner,game_list,sheet_name,num_players
Fakes,hypebeasthegel,a,0321 0322 0323,Round 1,2
Altina,jaden_17522,b,0123 0124,Round 1,2
Triangles,renlyyynnn,a,0324 0325,Round 1,2
pkLeech,wonderfulwhiscash,a,0326 0327,Round 1,2
Caloom,jankcity,B,act,Round 1,0
Fear,bugthatlovesfish,a,0328 0329,Round 1,2
jumpy23,@pek__,a,0330 0331,Round 1,2
Leo,Blanched,a,0332 0333,Round 1,2
Kollin,WraxiusGaming,a,0674 0675,Round 1,2
Cyberodin,sligoblues,B,0676 0677 0678,Round 1,2
Blues,walterbite,a,0679 0680,Round 1,2
Pak,aldrichunfaithful,a,0133 0134,Round 1,2
River,allance05,a,0334 0335,Round 1,2
Voyager,irrelevantone,a,0336 0337 0338,Round 1,2
Carapinga,Genofool,a,0131 0132,Round 1,2
Mielke,justbestlevels,a,0681 0682,Round 1,2
Tyros,Print Screen,a,0339 0340,Round 1,2
Pokology,Spedonic,A,act,Round 1,0
void,Greyaz,A,act,Round 1,0
Mayo,ManiacalDolphin,B,act,Round 1,0
Adam,5darkelves_gmen,b,0125 0126 0127,Round 1,2
laxuy,Ezcrime,a,0341 0342,Round 1,2
udm31,jthompson9021,b,0380 0381,Round 1,2
Big Will,bydy2,a,0343 0344 0345,Round 1,2
JR,Latlat1,A,act,Round 1,0
keepingiticy,garcilp,B,act,Round 1,0
Sheik,socialinclusion,a,0356 0357 0358,Round 1,2
Typhoon Carter,Ehtis,b,0359 0360 0361,Round 1,2
48,Hypermoth,a,0362 0363,Round 1,2
eliandiditagain,Felizelise,b,0364 0365 0366,Round 1,2
Spfunkm,cheerful_dragon_75260,a,0367 0368 0369,Round 1,2
Johnald,tahat_t,a,0370 0371,Round 1,2
W_R,ViciousCricket,a,act,Round 1,0
D3stiny,Salamaster,a,0683 0684,Round 1,2
Zacpz,SUB 23,a,act,Round 1,0
Segale,KingWafl,a,0372 0373 0374,Round 1,2
Zerkas,YamHam,a,0375 0376 0377,Round 1,2
Colteor,Ale8150,a,0128 0129 0130,Round 1,2
earlgr3y,ChetManley,a,0378 0379,Round 1,2
goldmason,hangerguardian,A,0211 0212,Round 1,2
Celdanami,milkshook00,A,0243 0244 0245,Round 1,2
ThisGuyMuks,Coco / Yuii,A,0017 0018,Round 1,2
Christos,sapphire918,A,0059 0060,Round 1,2
Dridri457,romeugoat._25355,A,0484 0485,Round 1,2
DeezCastforms,big_jerry,a,0685 0686 0687,Round 1,2
Zelph,itsaregionaldialect,A,0241 0242,Round 1,2
Figull400,GroundBack,a,0481 0482 0483,Round 1,2
Don Tonionie,DonlyPhans,A,0478 0479 0480,Round 1,2
Bhol,krungus_01138,A,0239 0240,Round 1,2
Xtina,lraven17,A,0236 0237 0238,Round 1,2
Texas Cloverleaf,Master_Penguini,A,0502 0503,Round 1,2
OOZ,solars_power,A,0476 0477,Round 1,2
Evakiyama,Fairy,A,0234 0235,Round 1,2
Futtoka,MenaCicada,A,0473 0474 0475,Round 1,2
Kai (aplgd),Stuckkkk,A,0232 0233,Round 1,2
Vayun,sdj,a,act,Round 1,0
MeEsSm,DeathbyDunsparce,A,0001 0002,Round 1,2
kingofironfrisk,v1ctor23,A,0471 0472,Round 1,2
OopsAllDeoxys,scrapmetal56,a,0229 0230 0231,Round 1,2
Exiline,Dig Boshi,A,0227 0228,Round 1,2
Zpanther,b1ur,B,0225 0226,Round 1,2
Nicole,Josito,B,0468 0469 0470,Round 1,2
Rambode,@spreek,b,0466 0467,Round 1,2
xGangg,Filthy Cubone,a,0019 0020 0021,Round 1,2
shawtyyyyyyy,the_app,A,0008 0009,Round 1,2
Mackenzie,lacoot,A,0222 0223 0224,Round 1,2
A Welcome Guest,Eggman,b,0463 0464 0465,Round 1,2
Kingu,elmagneto,B,0057 0058,Round 1,2
Alice,perogee,A,0055 0056,Round 1,2
H>L,Simonf,b,act,Round 1,0
Sanke Carp,toruwu,A,0220 0221,Round 1,2
Roy Yamaha,Slimsinatra93,b,act,Round 1,0
Oathkeeper,dustyfans,A,0061 0062 0063,Round 1,2
xXEricXx,Ragnarocco244,A,0666 0667 0668,Round 1,2
Marshy,Vassimobin,A,0218 0219,Round 1,2
Smallow,sheikhater,B,0003 0004 0005,Round 1,2
Churi,tsuki.no.miko,a,0688 0689,Round 1,2
OOF_MAXIMA,Microsoft_J,A,0458 0459 0460,Round 1,2
Buzzed,ByrneBaby,A,0084 0085,Round 1,2
Incognition,cow3492,a,act,Round 1,0
Tempokin,Nicko8,A,0289 0290,Round 1,2
Egor,dinkdank_,A,0262 0263 0264,Round 1,2
King Raska,Sotina,a,0690 0691 0692,Round 1,2
qsns,kinou_pkm,A,0282 0283,Round 1,2
Cyberas,wolfturds,a,act,Round 1,0
Cake,Ktools#9665,A,0015 0016,Round 1,2
Zcarlett,Upon_Link_Main,B,0531 0532,Round 1,2
TechSavage,giantking20,A,0277 0278 0279,Round 1,2
Alecss,Leeto64,B,0354 0355,Round 1,2
Mantis,Ghostfall22,a,act,Round 1,0
Younglemonhope,scurrying_snail,B,0583 0584,Round 1,2
Cryolite,EatYourToastSon,B,0351 0352 0353,Round 1,2
Shadowtime2000,nichard_,b,act,Round 1,0
ratdogreborn,clarissen,B,0529 0530,Round 1,2
Otto,Fierros47,a,act,Round 1,0
Hinkage,@xlimexheep,A,0274 0275 0276,Round 1,2
Seradess,Somnanana,A,0013 0014,Round 1,2
Dancing Along/Abreaction,grillking,A,0271 0272 0273,Round 1,2
Just_Leo,sensei_moon,A,0500 0501,Round 1,2
Zinc,fuckboylenny,A,0078 0079 0080,Round 1,2
DastardlyDwarf,zoyotte,a,act,Round 1,0
Frutiepie,zy___,b,act,Round 1,0
cocoo7538,lindonh,A,0349 0350,Round 1,2
YlisseanStarlight,Klird,b,act,Round 1,0
The_Badger1230,draccus_comun,A,0081 0082 0083,Round 1,2
sharkhammer,incognidoqueen,B,0052 0053 0054,Round 1,2
style_purposes,SUB 28,A,0346 0347 0348,Round 1,2
GreenCity,emerald_harrold,A,0086 0087,Round 1,2
Gthorpe1993,blunderpolicy,B,0268 0269 0270,Round 1,2
Stao,adv_fella,B,0006 0007,Round 1,2
TheTwo,loffelbiskuit,A,0069 0070 0071,Round 1,2
SqueamishCube,funhouse3,B,0515 0516 0517,Round 1,2
annuit99,tommy4830,A,0050 0051,Round 1,2
catholicguilttrip,Carfrogs,A,0076 0077,Round 1,2
bashedayo,witgiz,B,0265 0266 0267,Round 1,2
viel06,JCK_ionic,B,0097 0098,Round 1,2
diegoyuhhi,Yoink 0,B,0010 0011 0012,Round 1,2
cashzachary,Goose824,B,0408 0409 0410,Round 1,2
SUB 2,ebitachy,b,act,Round 1,0
dicerat8,frogsella,A,0424 0425 0426,Round 1,2
.brever.,swordpeace3232,A,0427 0428 0429,Round 1,2
ambiguousity_,brestelli,B,0430 0431 0432,Round 1,2
SUB 3,testemunha2622,b,act,Round 1,0
CheesiMoon,Drby,A,0433 0434,Round 1,2
LoDart210,_rekkzz_,B,0435 0436 0437,Round 1,2
jussydkt,FISH (gypsytea),A,0461 0462,Round 1,2
blisy,S.k.magnet,B,0441 0443 0444,Round 1,2
iwasmoth,warupeach,A,0438 0439 0440,Round 1,2
lengloi,crustaceus,A,0421 0422 0423,Round 1,2
Sophocles,tamafuyu,A,0419 0420,Round 1,2
ReavenFTW,fayestra,A,0416 0417 0418,Round 1,2
swaggy001066,ltg04,A,0413 0414 0415,Round 1,2
Himura,Zacynthius02,B,0411 0412,Round 1,2
Svejk97,swope,B,0032 0033 0034,Round 1,2
Graham (graaahaaam),mintyerb,B,0029 0030 0031,Round 1,2
allmovingshadows,Kenuckz,B,0405 0406 0407,Round 1,2
Wizzyhatg,ChocoboJoe,a,act,Round 1,0
Drekt93#0078,SUB 4,a,act,Round 1,0
CHICKENBOOB,sbmalus,B,0027 0028,Round 1,2
Basharapplejuice,Mintyfresh756,b,act,Round 1,0
danielsemmson,SUB 27,A,0403 0404,Round 1,2
btalb,Goodnightloulou,a,act,Round 1,0
aquaa,otael,B,0401 0402,Round 1,2
Forest4269,Mimien97,B,0024 0025 0026,Round 1,2
Stockings,luisin,b,act,Round 1,0
Apostic,Cream314,B,0399 0400,Round 1,2
liamworldpeace,Lhions,a,act,Round 1,0
SUB 20,denizs8,B,0498 0499,Round 1,2
Rezzo,ponzuuu,b,act,Round 1,0
Scrigman,jheff97,A,0396 0397 0398,Round 1,2
shadowinger,marcelbruer,B,0393 0394 0395,Round 1,2
heroin4sale,Bedal.r,A,0391 0392,Round 1,2
Loneling,xho_xho_,b,act,Round 1,0
Mamakoko,loopingpyre,A,0388 0389 0390,Round 1,2
anashensoul,jotaentrena,B,0385 0386 0387,Round 1,2
coutt,lexi.pup,B,0022 0023,Round 1,2
Amir (lordamir & lordamir2),CoffeePour,A,0310 0311,Round 1,2
janis105,CraterLake,A,0094 0095 0096,Round 1,2
litterofbiscuits,almbkn,a,0382 0383 0384,Round 1,2
Calm Stiege,s_2_w,b,0259 0260 0261,Round 1,2
br.twfb,Luca Dylan,A,0202,Round 1,2
martconqueso,derevien,B,0067 0068,Round 1,2
tonii5531,tub69,B,0189 0190 0191,Round 1,2
Repiloid,tehpenguinofdoom,b,0496 0497,Round 1,2
chipi,Shifty1239,b,0072 0073,Round 1,2
zettsbro,avongarde_ult,a,0253 0254,Round 1,2
kylemckell,_deacon,B,0064 0065 0066,Round 1,2
triiplemonstre,scootymcbooty123,a,0445 0446 0447,Round 1,2
kvistsivk,etibamecus.,b,0513 0514,Round 1,2
elanieunderscore,deftbrixton,B,0208 0209 0210,Round 1,2
knexhawk,bigjon.,a,0319 0320,Round 1,2
Redmoonie,yallen,A,0099 0100,Round 1,2
temraneee,tibetanator,a,0317 0318,Round 1,2
Derde,pat2678,a,0493 0494 0495,Round 1,2
SUB 21,Kenmarijuana,b,0448 0449 0450,Round 1,2
Eternum,cepulo,b,0511 0512,Round 1,2
tree69420,SUB 19,a,act,Round 1,0
pinjarrapanther,tyler.cox,B,0213 0214,Round 1,2
nekuyagokoro,nihiliros,A,0314 0315 0316,Round 1,2
SUB 6,Mulikki123,b,act,Round 1,0
bigyunakafan,flareliger,B,0198 0199,Round 1,2
ilikeeatingcrayons,Grain_Jar,A,0092 0093,Round 1,2
darth_halux,Peppeppeia,a,0619 0620 0621,Round 1,2
Skarpherim,elysyr,A,0200 0201,Round 1,2
depressioncherry_66209,Vholtninja,a,0257 0258,Round 1,2
YellowHat#0714,oskari1707,B,0312 0313,Round 1,2
nicki4,dazey,A,0215 0216 0217,Round 1,2
Rebatca,Fantasmal_.,B,0090 0091,Round 1,2
shinyhunter8013,olliertlol,b,0490 0491 0492,Round 1,2
ilovemygrandma444,stolenpaper,b,act,Round 1,0
thestonewallsmith,msousa,a,0487 0488 0489,Round 1,2
saltocorto,dfr2248,A,0187 0188,Round 1,2
rovels,Melninja,A,0088 0089,Round 1,2
bd31,SUB 7,a,act,Round 1,0
inkyno1,michaelmeets,b,act,Round 1,0
steffmoney,strawbbz,A,0662 0663 0664,Round 1,2
xerospacious,Pressle54,A,0659 0660 0661,Round 1,2
Kenava,etymon_,B,0657 0658,Round 1,2
mcgowin (ID: lgv#9084),choicescarf002,B,0655 0656,Round 1,2
squirtle_squadbig_squatto,gpd_123,A,0652 0653 0654,Round 1,2
sprasle,hansenator.,B,0650 0651,Round 1,2
bergenseren,firecracker1195,B,act,Round 1,0
JxJ,mmtimmo,B,0647 0648 0649,Round 1,2
mafx,leofox___,B,0644 0645 0646,Round 1,2
SUB 29,gudemuch,B,0642 0643,Round 1,2
ccgeek_,GSC_Lover_Boy,A,0640 0641,Round 1,2
samjamslam,BlerpDerpSkerp,A,0637 0638 0639,Round 1,2
UsernameABCD,Raven_queen,B,0635 0636,Round 1,2
2coinsglued,thefattestofyoshis,B,act,Round 1,0
TacCat,rizzarroflame,A,0633 0634 0665,Round 1,2
.alig.,cisconduct,B,0631 0632,Round 1,2
dadaasdcfaw,SUB 8,A,act,Round 1,0
Pabby_1805,wombatbaby,B,0629 0630,Round 1,2
SpeccyGames,luukthegamer,B,0627 0628,Round 1,2
Axselo,lemann8184,A,act,Round 1,0
jahim_,owlman7507,B,0624 0625 0626,Round 1,2
kebinsan,venomshoc,B,0622 0623,Round 1,2
PuruglyIsUgly,CodeRedSP,A,0617 0618,Round 1,2
girlevader,LevysChair,B,0671 0672,Round 1,2
I am the Jarl,erfder (old style Erfder#3147),A,0614 0615 0616,Round 1,2
Tefo,no8ull,A,0612 0613,Round 1,2
dragonsareoptimal,SentientSanchez,A,0609 0610 0611,Round 1,2
halbertsimpson,Saint-ome,B,0605 0606 0608,Round 1,2
vy_apostrophe,med470,B,0603 0604,Round 1,2
realfredrickDOUGLASS,sopphaking,A,0600 0673 0602,Round 1,2
Alargemongoose,mugua (purple Pikmin pfp),A,0598 0599,Round 1,2
_uka,Colby2D,A,0669 0670,Round 1,2
kewta,busyboi,B,0596 0597,Round 1,2
jensendale,gstrem_,B,0594 0595,Round 1,2
J0af,hachimaki.,A,act,Round 1,0
moggie776,cremozar#6029,B,0592 0593,Round 1,2
valyns,Sificon,B,0590 0591,Round 1,2
Beignet,berkyderky,A,0587 0588 0589,Round 1,2
soulive,DanWhoDis,B,0585 0586,Round 1,2
greencatkid,goldthe1andonly,a,0135 0136 0137,Round 1,2
treyprime,doomlsinger,a,0578 0579,Round 1,2
heyitsmeriley,wwwmonmon,a,0575 0576 0577,Round 1,2
.GeneralRevan,Moneybaggslowbro,a,0138 0139,Round 1,2
"rbvengeance (Nicknamed RBV in the server, you can use this as a shorthand)",kingkpak#0546,a,0573 0574,Round 1,2
wiilink100,thegreatest23,a,0570 0571 0572,Round 1,2
imcob,MoxieKrok,a,0568 0569,Round 1,2
le_penseur,isaiahterveen,b,0140 0141 0142,Round 1,2
skittleskitty,onewhorants,a,0566 0567,Round 1,2
resen,@aevitostrath or Timehacker Aevitos,a,0564 0565,Round 1,2
durmain (slamonBbq),Antinomy,a,0143 0144,Round 1,2
SUB 9,SoCalSon,b,act,Round 1,0
gogozeppeli1890 (rconquer),Hidan.0/idfk,a,0561 0562 0563,Round 1,2
ashvinbutduck,SUB 10,a,act,Round 1,0
gambling.goddess,datguycactus,b,0145 0146,Round 1,2
@geosesarma,madelinmorningstar,b,0559 0560,Round 1,2
tavi_tavi,yadyaksh,b,0147 0148 0149,Round 1,2
JoJ,.aj2.0,a,0556 0557 0558,Round 1,2
Pulcsii,larkindred,b,0554 0555,Round 1,2
.seden,biluv_v,a,0150 0151,Round 1,2
.FunkyCop,egocheck,b,0552 0553,Round 1,2
bdicap,TRXXJEH,b,0549 0550 0551,Round 1,2
moistmania,MrBluestacks,a,0547 0548,Round 1,2
kalarse,1captainmorgan,b,0545 0546,Round 1,2
Birthdayninja,MCJD931,b,0152 0153,Round 1,2
Attazer,realshelly,a,0154 0155 0156,Round 1,2
doc.steel,Forte_French,b,0157 0158 0159 0160,Round 1,0
Pietro Giuffra,tj_srevlis,b,0542 0543 0544,Round 1,2
charku,Jsockamisama,b,0161 0162,Round 1,2
Ghostmalone.,chrisdrums19,a,0540 0541,Round 1,2
Agustin Palacios,javiercar#9743,a,0538 0539,Round 1,2
lemonlc,starii88,a,0535 0536 0537,Round 1,2
mintchocolateguy,zioplys,a,0163 0164,Round 1,2
lucyisafish,UnzipsCrogre,b,0533 0534,Round 1,2
monchooo,nemesis_deno,a,0526 0527 0528,Round 1,2
lemon04,jozin457,b,0165 0166,Round 1,2
billgatesalt_53189,saiyanpride.,a,0523 0524 0525,Round 1,2
lawn1826,ditdus.,b,0521 0522,Round 1,2
dabebri,woeishuen,b,0518 0519 0520,Round 1,2
IAmGolden.,Aahaahaah,B,act,Round 1,0
zxgzxg,yuramas,A,0178 0179,Round 1,2
Papa Escargo,comseal,A,0048 0049,Round 1,2
usbreon,felipe01788_,B,0286 0287 0288,Round 1,2
voidvolta,peabnut,A,act,Round 1,0
bruh504,Lawrencelot,a,0693 0694,Round 1,2
xamvius,fastandsleepy,B,0284 0285,Round 1,2
jpmockman,ShotoNC,b,0695 0696 0697,Round 1,2
koentjelub,Daeronchick,A,0180 0181,Round 1,2
Kydreith33,prestonv,a,0698 0699 0700,Round 1,2
jd_orph,SUB 22,A,act,Round 1,0
brunocoolgamers,skitz_money,B,0302 0303,Round 1,2
Ho_Chi,peacemaker040,A,0299 0300 0301,Round 1,2
green.9082,myrox123,B,act,Round 1,0
mewunderscoretwo,dylan69__,B,0184 0185 0186,Round 1,2
sanbaibeepo,KeshBa45,B,0182 0183,Round 1,2
truelawbringer,_honua,A,0206 0207,Round 1,2
pLzzazz,Yatagarasuwu,a,0701 0702,Round 1,2
clinkbug,FaceOFF,b,0703 0704 0705,Round 1,2
SUB 11,ultraemeraldman_16197,B,act,Round 1,0
dorugang,biff_the_banana,A,0175 0176 0177,Round 1,2
kuru1432,SUB 18,A,act,Round 1,0
Superstar,.turkeyleg,a,act,Round 1,0
.germ_,epiclyepicgamer,A,0203 0204 0205,Round 1,2
Jibca,doh#5604,A,0167 0168 0169,Round 1,2
Rainer7849,jew9318,A,0280 0281,Round 1,2
nick_parenti,yd12k,B,0174 0173,Round 1,2
rajime.,.verb,b,0706 0707,Round 1,2
@struggles_under_pressure,.lucky_7.,a,0708 0709,Round 1,2
gorbinator.,dragonlord6954,a,0710 0711,Round 1,2
jeem16,HakkihanTunbak (I recently joined the discord),A,0170 0171 0172,Round 1,2
SUB 24,wavy_ish,b,0712 0713 0714,Round 1,2
SUB 12,Polt99,B,act,Round 1,0
ghostreported,glucoseguardian1,A,0074 0075,Round 1,2
hipimochi,cleffacutie,a,0715 0716 0717,Round 1,2
Musical_box,legoerofeggos,b,0718 0719,Round 1,2
tanao,thedarvinist,B,0046 0047,Round 1,2
luca,darth0068,b,0720 0721,Round 1,2
enkiduofficial,Nuskadamo,b,act,Round 1,0
diamonddiancie,Wifike,a,0101 0102 0103,Round 1,2
triskeriaki,Cyber-DJ,b,0451 0452,Round 1,2
chad.lagos,Tyxerns,b,0118 0119,Round 1,2
bloomsmiles,caps lock 3009,b,0453 0454,Round 1,2
SgtPingwen,SUB 25,a,0508 0509 0510,Round 1,2
Redrame,gonzasaurio50,b,0192 0193 0194,Round 1,2
Melee Minion,poosh_i,a,0506 0507,Round 1,2
jerdgerd,treeshhhh,a,act,Round 1,0
almarkowbender,Albatross115,a,0306 0307 0308 0309,Round 1,0
theepiccd56,lucida,b,0115 0116 0117,Round 1,2
Witchgender,ThunderousBagel,b,0304 0305,Round 1,2
theamazingeevee,HunarPG,b,0044 0045,Round 1,2
secondari,ellieofficialvevo,A,0722 0723,Round 1,2
plznostep,chtx,a,0293 0294 0295,Round 1,2
wyli.olivete,danielck9797,b,0112 0113 0114,Round 1,2
evilartnboy,executive_assistant,b,act,Round 1,0
f1remaster (Hikari),SUB 13,a,act,Round 1,0
sieefffmon,SUB 15,a,act,Round 1,0
pac_rojo,air602,a,0042 0043,Round 1,2
SUB 26,Chris2324,b,0039 0040 0041,Round 1,2
4lowray,Baptista,a,0109 0110 0111,Round 1,2
Tiberiusfieri,SUB 14,a,act,Round 1,0
papajefe,Dray_jd,b,0251 0252,Round 1,2
nadiddhrabb,bobjoecarl,a,0504 0505,Round 1,2
iNeedJuuce,dimiswooner,a,0120 0121 0122,Round 1,2
dhgss,millingwinds,a,0249 0250,Round 1,2
Jabba,Psychokinetic4,a,act,Round 1,0
kool_kat.,Don7331,b,0246 0247 0248,Round 1,2
terradayy,James67,a,0195 0196 0197,Round 1,2
bevreeze,Guebor,b,0291 0292,Round 1,2
Lunasran,poots6476,a,0580 0581 0582,Round 1,2
Samnyg,deckline,b,0037 0038,Round 1,2
diegoin10,roofb,a,0255 0256,Round 1,2
countsligo,Typlion,b,0106 0107 0108,Round 1,2
SUB 17,themightyq99,b,act,Round 1,0
SUB 16,Sorenkazer,b,act,Round 1,0
Reptikrook,grahamsandwich,b,0035 0036,Round 1,2
bohrier,Nunleft,a,0455 0456 0457,Round 1,2
kinglazi,Dwightasaurus,b,0104 0105,Round 1,2
Altina,luisin,b,1138 1139,Round 2,2
Fakes,elmagneto,a,0734 0735,Round 2,2
Triangles,samjamslam,a,1088 1089,Round 2,2
pkLeech,pLzzazz,a,1173 1174 1175,Round 2,2
Fear,yd12k,a,1090 1091 1092,Round 2,2
jumpy23,TacCat,a,1093 1094,Round 2,2
Leo,zettsbro,a,act,Round 2,0
Kollin,legoerofeggos,a,1100 1140,Round 2,2
Blues,koentjelub,a,1196 1197,Round 2,2
Pak,GreenCity,b,0736 0737,Round 2,2
River,Dray_jd,a,0738 0739,Round 2,2
Voyager,MCJD931,a,0740 0741,Round 2,2
Carapinga,KeshBa45,A,0742 0743 0744,Round 2,2
Mielke,Lunasran,a,1200 1201 1202,Round 2,2
Tyros,thefattestofyoshis,a,1135 1136 1137,Round 2,2
Pokology,Skarpherim,a,1132 1133 1134,Round 2,2
void,depressioncherry_66209,b,1130 1131,Round 2,2
laxuy,zy___,a,1127 1128 1129,Round 2,2
Big Will,Eggman,b,1141 1142,Round 2,2
JR,style_purposes,a,1074 1075,Round 2,2
Sheik,ashvinbutduck,a,1399 1400,Round 2,2
48,diamonddiancie,a,0745 0746 0747,Round 2,2
Spfunkm,firecracker1195,a,0748 0749,Round 2,2
Johnald,flareliger,a,1143 1144,Round 2,2
W_R,gorbinator.,b,1122 1123 1124,Round 2,2
D3stiny,dadaasdcfaw,a,1081 1082,Round 2,2
Zacpz,_rekkzz_,A,0750 0751,Round 2,2
Segale,myrox123,a,1079 1080,Round 2,2
Zerkas,dragonsareoptimal,b,0752 0753,Round 2,2
Colteor,Sophocles,b,1076 1077 1078,Round 2,2
earlgr3y,Jabba,a,1120 1121,Round 2,2
goldmason,Nuskadamo,a,act,Round 2,0
Celdanami,mintchocolateguy,b,1117 1118 1119,Round 2,2
ThisGuyMuks,@struggles_under_pressure,a,1115 1116,Round 2,2
Christos,Goose824,b,1112 1113 1114,Round 2,2
Dridri457,lengloi,b,0754 0755,Round 2,2
DeezCastforms,truelawbringer,a,1151 1152 1153,Round 2,2
Zelph,choicescarf002,a,1397 1398,Round 2,2
Figull400,Simonf,a,1209 1210 1211,Round 2,2
Don Tonionie,scurrying_snail,A,1072 1073,Round 2,2
Bhol,lucida,A,0825 0826,Round 2,2
xTina,dhgss,B,1206 1207 1208,Round 2,2
Texas Cloverleaf,swaggy001066,B,0827 0828 0829,Round 2,2
OOZ,jankcity,B,0830 0831,Round 2,2
Evakiyama,Axselo,A,1083 1084,Round 2,2
Futtoka,moistmania,B,0832 0833,Round 2,2
Kai (aplgd),Melee Minion,A,1328 1329,Round 2,2
Vayun,nekuyagokoro,a,0834 0835,Round 2,2
MeEsSm,resen,A,1085 1086 1087,Round 2,2
kingofironfrisk,triiplemonstre,B,0836 0837 0838,Round 2,2
OopsAllDeoxys,terradayy,A,1095 1096 1097,Round 2,2
Exiline,witgiz,A,1098 1099,Round 2,2
xGangg,oskari1707,B,1145 1146,Round 2,2
shawtyyyyyyy,danielsemmson,A,0839 0840 0841,Round 2,2
Mackenzie,@spreek,B,1154 1155 1156,Round 2,2
Alice,Kenuckz,A,0842 0843,Round 2,2
Sanke Carp,The_Badger1230,a,1428 1429 1430,Round 2,2
Oathkeeper,Attazer,B,1149 1150,Round 2,2
xXEricXx,bohrier,A,1160 1161,Round 2,2
Marshy,med470,b,1162 1163 1164,Round 2,2
Churi,voidvolta,A,1165 1166,Round 2,2
OOF_MAXIMA,Papa Escargo,B,0844 0845,Round 2,2
Buzzed,mmtimmo,B,0846 0847,Round 2,2
Incognition,Tiberiusfieri,A,act,Round 2,0
Tempokin,Felizelise,A,0850 0851,Round 2,2
Egor,iwasmoth,A,0848 0849,Round 2,2
King Raska,br.twfb,b,1401 1402 1403 1404,Round 2,0
qsns,fastandsleepy,B,1168 1169 1170,Round 2,2
Cyberas,felipe01788_,A,1176 1177,Round 2,2
Cake,madelinmorningstar,A,1167 1178,Round 2,2
TechSavage,TRXXJEH,B,0852 0853 0854,Round 2,2
Mantis,1captainmorgan,A,0855 0856,Round 2,2
Otto,HunarPG,A,1183 1184,Round 2,2
Hinkage,tree69420,B,0857 0858 0859,Round 2,2
Seradess,deftbrixton,A,0860 0861,Round 2,2
Dancing Along/Abreaction,Ghostmalone.,B,1325 1326 1327,Round 2,2
Just_Leo,owlman7507,B,0862 0863 0864,Round 2,2
Zinc,isaiahterveen,A,0865 0866,Round 2,2
DastardlyDwarf,Sificon,B,0931 0932,Round 2,2
gogozeppeli1890 (rconquer),ShotoNC,B,1344 1345 1346,Round 2,2
ghostreported,busyboi,A,1323 1324,Round 2,2
cepulo,Alargemongoose,A,1341 1342 1343,Round 2,2
nicki4,Leeto64,A,1318 1319 1320,Round 2,2
b1ur,hipimochi,A,0928 0929 0930,Round 2,2
Upon_Link_Main,michaelmeets,A,0926 0927,Round 2,2
thedarvinist,UnzipsCrogre,A,1316 1317,Round 2,2
hansenator.,dicerat8,B,1314 1315,Round 2,2
bd31,brestelli,b,act,Round 2,0
bloomsmiles,Jibca,a,act,Round 2,0
imcob,jotaentrena,B,0923 0924 0925,Round 2,2
Don7331,4lowray,A,1312 1313,Round 2,2
Zacynthius02,DanWhoDis,B,0920 0921 0922,Round 2,2
etibamecus.,Kydreith33,A,1309 1310 1311,Round 2,2
Tyxerns,diegoin10,B,1306 1307 1308,Round 2,2
realfredrickDOUGLASS,heyitsmeriley,B,1303 1304 1305,Round 2,2
Cream314,ReavenFTW,A,1301 1302,Round 2,2
Slimsinatra93,clarissen,b,act,Round 2,0
ebitachy,danielck9797,B,0918 0919,Round 2,2
treyprime,datguycactus,B,1338 1339 1340,Round 2,2
Raven_queen,SoCalSon,B,0915 0916 0917,Round 2,2
Drekt93#0078,Amir (lordamir & lordamir2),B,0913 0914,Round 2,2
Yoink 0,plznostep,A,0910 0911 0912,Round 2,2
jd_orph,.verb,B,0907 0908 0909,Round 2,2
deckline,Saint-ome,B,1297 1298,Round 2,2
darth_halux,Redmoonie,B,1299 1300,Round 2,2
jussydkt,FaceOFF,B,1294 1295 1296,Round 2,2
durmain (slamonBbq),Scrigman,B,0904 0905 0906,Round 2,2
cremozar#6029,Superstar,B,1335 1336 1337,Round 2,2
Fantasmal_.,xerospacious,A,1291 1292,Round 2,2
ultraemeraldman_16197,JCK_ionic,B,0901 0902 0903,Round 2,2
.seden,btalb,B,1332 1333 1334,Round 2,2
ManiacalDolphin,thestonewallsmith,b,act,Round 2,0
jthompson9021,Polt99,A,0899 0900,Round 2,2
xho_xho_,leofox___,A,0896 0897 0898,Round 2,2
skittleskitty,Josito,A,0893 0894 0895,Round 2,2
Klird,litterofbiscuits,A,1289 1290,Round 2,2
squirtle_squadbig_squatto,Tefo,A,0890 0891 0892,Round 2,2
Aahaahaah,Typlion,B,1284 1285 1286,Round 2,2
marcelbruer,TheTwo,A,1281 1282 1283,Round 2,2
ponzuuu,billgatesalt_53189,B,1230 1231,Round 2,2
grahamsandwich,ThunderousBagel,B,1212 1213 1214,Round 2,2
saltocorto,gonzasaurio50,B,1232 1233 1234,Round 2,2
jerdgerd,funhouse3,a,1409 1410,Round 2,2
denizs8,dylan69__,A,1228 1229,Round 2,2
gstrem_,olliertlol,a,act,Round 2,0
annuit99,woeishuen,a,1235 1236 1237,Round 2,2
venomshoc,Jsockamisama,A,1238 1239,Round 2,2
testemunha2622,sheikhater,b,act,Round 2,0
ilikeeatingcrayons,wombatbaby,A,1240 1241,Round 2,2
tyler.cox,jozin457,A,1242 1243,Round 2,2
CheesiMoon,I am the Jarl,a,act,Round 2,0
steffmoney,sieefffmon,B,1244 1245 1246,Round 2,2
jeem16,tj_srevlis,A,1247 1248 1249,Round 2,2
cocoo7538,Mulikki123,A,1250 1251,Round 2,2
Shifty1239,s_2_w,B,1321 1322,Round 2,2
mintyerb,heroin4sale,A,1252 1253,Round 2,2
JoJ,Sorenkazer,B,1218 1219,Round 2,2
.germ_,Agustin Palacios,B,1254 1255 1256,Round 2,2
Kenmarijuana,executive_assistant,B,1215 1216 1217,Round 2,2
Mintyfresh756,catholicguilttrip,A,1257 1258,Round 2,2
lemonlc,zxgzxg,A,1259 1260,Round 2,2
rovels,stolenpaper,A,1220 1221,Round 2,2
secondari,5darkelves_gmen,a,1407 1408,Round 2,2
incognidoqueen,Ho_Chi,B,1261 1262 1263,Round 2,2
_deacon,sligoblues,B,1264 1265,Round 2,2
liamworldpeace,sbmalus,B,1225 1226 1227,Round 2,2
.brever.,yadyaksh,a,act,Round 2,0
wavy_ish,Forte_French,B,1266 1267,Round 2,2
greencatkid,luukthegamer,A,1268 1269,Round 2,2
Guebor,kuru1432,B,1270 1271,Round 2,2
etymon_,PuruglyIsUgly,b,1405 1406,Round 2,2
egocheck,adv_fella,B,1272 1273,Round 2,2
temraneee,skitz_money,B,1274 1275,Round 2,2
Dwightasaurus,derevien,A,1276 1277 1278,Round 2,2
cisconduct,f1remaster (Hikari),B,1279 1280,Round 2,2
dorugang,S.k.magnet,A,1222 1223 1224,Round 2,2
swope,_uka,b,0808 0809,Round 2,2
nadiddhrabb,J0af,b,0803 0804 0805,Round 2,2
monchooo,larkindred,a,0801 0802,Round 2,2
almarkowbender,iNeedJuuce,b,0879 0880 0881,Round 2,2
LevysChair,darth0068,b,0955 0956 0957,Round 2,2
Cyber-DJ,SgtPingwen,b,0952 0953 0954,Round 2,2
jaden_17522,Derde,a,0949 0950 0951,Round 2,2
.GeneralRevan,janis105,a,0806 0807,Round 2,2
Mamakoko,wiilink100,b,1069 1070 1071,Round 2,2
lexi.pup,nichard_,a,0877 0878,Round 2,2
Beignet,themightyq99,a,0777 0778,Round 2,2
tehpenguinofdoom,Chris2324,a,0724 0725 0726,Round 2,0
garcilp,otael,a,0947 0948,Round 2,2
tub69,"rbvengeance (Nicknamed RBV in the server, you can use this as a shorthand)",a,0875 0876,Round 2,2
blunderpolicy,Rainer7849,b,0958 0959,Round 2,2
pac_rojo,EatYourToastSon,a,0775 0776,Round 2,2
Wizzyhatg,gudemuch,b,0727 0728,Round 2,2
knexhawk,bruh504,a,0772 0773 0774,Round 2,2
ccgeek_,ditdus.,a,0872 0873 0874,Round 2,2
Mimien97,Ehtis,b,0945 0946,Round 2,2
Caloom,xamvius,a,0770 0771,Round 2,2
Cyberodin,SUB 17,a,act,Round 2,0
Mayo,nick_parenti,a,0943 0944,Round 2,2
Adam,JxJ,a,0768 0769,Round 2,2
udm31,mcgowin (ID: lgv#9084),a,1287 1288,Round 2,2
keepingiticy,SUB 3,a,act,Round 2,0
Typhoon Carter,javiercar#9743,a,0729 0730 0731,Round 2,2
eliandiditagain,starii88,a,0941 0942,Round 2,2
Zpanther,jpmockman,a,0765 0766 0767,Round 2,2
Nicole,SUB 10,a,act,Round 2,0
Rambode,lindonh,a,1067 1068,Round 2,2
A Welcome Guest,dustyfans,b,0938 0939 0940,Round 2,2
Kingu,tamafuyu,b,0763 0764,Round 2,2
H>L,Filthy Cubone,a,0960 0961,Round 2,2
Roy Yamaha,Calm Stiege,b,0935 0936 0937,Round 2,2
Smallow,doh#5604,b,0870 0871,Round 2,2
Zcarlett,chtx,b,0867 0868 0869,Round 2,2
Alecss,air602,b,0732 0733,Round 2,2
Younglemonhope,.lucky_7.,a,0933 0934,Round 2,2
Cryolite,msousa,A,act,Round 2,0
Shadowtime2000,SUB 11,A,act,Round 2,0
ratdogreborn,ByrneBaby,A,1395 1396,Round 2,2
Frutiepie,LoDart210,B,act,Round 2,0
YlisseanStarlight,HakkihanTunbak (I recently joined the discord),B,1392 1393 1394,Round 2,2
sharkhammer,CHICKENBOOB,A,act,Round 2,0
mugua (purple Pikmin pfp),bobjoecarl,B,1389 1390 1391,Round 2,2
Svejk97,chipi,A,1387 1388,Round 2,2
peabnut,hypebeasthegel,B,act,Round 2,0
Graham (graaahaaam),SUB 6,A,act,Round 2,0
dabebri,Coco / Yuii,B,1384 1385 1386,Round 2,2
Birthdayninja,big_jerry,B,1382 1383,Round 2,2
Loneling,Spedonic,B,act,Round 2,0
SUB 29,jensendale,B,act,Round 2,0
cleffacutie,Basharapplejuice,B,1380 1381,Round 2,2
anashensoul,.alig.,A,1378 1379,Round 2,2
YellowHat#0714,vy_apostrophe,B,act,Round 2,0
Albatross115,SqueamishCube,B,act,Round 2,0
sopphaking,erfder (old style Erfder#3147),B,act,Round 2,0
halbertsimpson,Vassimobin,A,act,Round 2,0
Ghostfall22,Fairy,A,1376 1377,Round 2,2
SUB 15,lucyisafish,B,act,Round 2,0
Rezzo,countsligo,A,1373 1374 1375,Round 2,2
theepiccd56,glucoseguardian1,A,1371 1372,Round 2,2
loopingpyre,Genofool,B,1369 1370,Round 2,2
bigyunakafan,gpd_123,B,1366 1367 1368,Round 2,2
yallen,ellieofficialvevo,A,act,Round 2,0
lawn1826,KingWafl,B,1364 1365,Round 2,2
cheerful_dragon_75260,inkyno1,B,1361 1362 1363,Round 2,2
bergenseren,Antinomy,B,act,Round 2,0
Nunleft,wolfturds,B,1359 1360,Round 2,2
ChetManley,kingkpak#0546,A,1356 1357 1358,Round 2,2
Rebatca,sprasle,B,1354 1355,Round 2,2
Bedal.r,swordpeace3232,B,1352 1353,Round 2,2
v1ctor23,CraterLake,b,act,Round 2,0
the_app,solars_power,B,1349 1350 1351,Round 2,2
MrBluestacks,2coinsglued,A,act,Round 2,0
Ktools#9665,SUB 4,A,act,Round 2,0
lraven17,Salamaster,B,1347 1348,Round 2,2
enkiduofficial,ViciousCricket,b,0962 0963 0964,Round 2,2
grillking,evilartnboy,a,act,Round 2,0
Sotina,Greyaz,b,act,Round 2,0
pat2678,wonderfulwhiscash,a,0965 0966,Round 2,2
aldrichunfaithful,.aj2.0,b,0967 0968 0969,Round 2,2
romeugoat._25355,papajefe,b,act,Round 2,0
lemann8184,shadowinger,b,1189 1190,Round 2,2
SUB 8,@aevitostrath or Timehacker Aevitos,b,act,Round 2,0
.turkeyleg,perogee,a,0970 0971,Round 2,2
scootymcbooty123,tsuki.no.miko,b,0972 0973,Round 2,2
kebinsan,bugthatlovesfish,a,0974 0975,Round 2,2
kinou_pkm,DeathbyDunsparce,b,0976 0977 0978,Round 2,2
girlevader,rizzarroflame,a,act,Round 2,0
theamazingeevee,tavi_tavi,b,0979 0980 0981,Round 2,2
viel06,Colby2D,b,1417 1418,Round 2,2
kvistsivk,GroundBack,a,0982 0983,Round 2,2
Gthorpe1993,justbestlevels,b,1171 1172,Round 2,2
@xlimexheep,BlerpDerpSkerp,a,1415 1416,Round 2,2
Samnyg,elysyr,a,1109 1110 1111,Round 2,2
James67,Kenava,a,1413 1414,Round 2,2
sapphire918,SUB 12,a,act,Round 2,0
Ale8150,cow3492,b,0984 0985,Round 2,2
tanao,FISH (gypsytea),a,0986 0987 0988,Round 2,2
Baptista,Ezcrime,a,1187 1188,Round 2,2
thegreatest23,berkyderky,a,0989 0990,Round 2,2
SUB 26,Stuckkkk,b,0991 0992,Round 2,2
Moneybaggslowbro,giantking20,a,act,Round 2,0
kylemckell,avongarde_ult,a,0993 0994 0996,Round 2,2
Grain_Jar,Peppeppeia,a,0997 0998,Round 2,2
dfr2248,loffelbiskuit,a,0999 1000,Round 2,2
Drby,MenaCicada,a,1001 1002 1003,Round 2,2
bdicap,Daeronchick,b,act,Round 2,0
SUB 13,roofb,b,act,Round 2,0
kewta,charku,b,1004 1005,Round 2,2
clinkbug,chad.lagos,a,1006 1007 1008,Round 2,2
green.9082,SpeccyGames,b,act,Round 2,0
le_penseur,dragonlord6954,b,act,Round 2,0
jheff97,diegoyuhhi,b,1411 1412,Round 2,2
krungus_01138,irrelevantone,b,1009 1010 1011,Round 2,2
almbkn,millingwinds,B,1042 1043 1044,Round 2,2
Ragnarocco244,CoffeePour,B,1045 1046 1047,Round 2,2
yuramas,bashedayo,A,1048 1049,Round 2,2
SUB 20,mafx,b,act,Round 2,0
poots6476,toruwu,A,1050 1051 1052,Round 2,0
@geosesarma,realshelly,A,0756 0757,Round 2,2
rajime.,fayestra,b,1194 1195,Round 2,2
usbreon,martconqueso,A,0810 0811 0812,Round 2,2
SentientSanchez,aquaa,a,1419 1420 1421,Round 2,2
SUB 16,Somnanana,b,act,Round 2,0
bigjon.,wyli.olivete,a,1422 1423,Round 2,2
gambling.goddess,SUB 2,a,act,Round 2,0
comseal,elanieunderscore,a,1424 1425,Round 2,2
tommy4830,Redrame,b,1191 1192 1193,Round 2,2
tibetanator,walterbite,A,1053 1054,Round 2,2
pinjarrapanther,dinkdank_,A,act,Round 2,0
jew9318,chrisdrums19,A,1055 1056 1057,Round 2,2
MoxieKrok,sanbaibeepo,b,1179 1180 1181 1182,Round 2,0
kinglazi,SUB 9,a,act,Round 2,0
fuckboylenny,Stockings,B,1058 1059 1060,Round 2,2
coutt,WraxiusGaming,A,0813 0814 0815,Round 2,2
onewhorants,Hidan.0/idfk,a,1426 1427,Round 2,2
ltg04,Apostic,A,1061 1062,Round 2,2
Pulcsii,doc.steel,A,0816 0817,Round 2,2
Carfrogs,Melninja,B,0820 0821 0822,Round 2,2
SUB 7,Lhions,b,act,Round 2,0
hachimaki.,Microsoft_J,B,0758 0759,Round 2,2
Stao,emerald_harrold,b,1330 1331,Round 2,2
YamHam,brunocoolgamers,a,1185 1186,Round 2,2
saiyanpride.,nihiliros,A,1063 1064,Round 2,2
tahat_t,triskeriaki,A,act,Round 2,0
SUB 18,@pek__,b,act,Round 2,0
Luca Dylan,Goodnightloulou,b,act,Round 2,0
Reptikrook,SUB 19,A,act,Round 2,0
_honua,Dig Boshi,b,act,Round 2,0
shinyhunter8013,moggie776,B,act,Round 2,0
ilovemygrandma444,goldthe1andonly,b,0760 0761 0762,Round 2,2
dimiswooner,ambiguousity_,A,1065 1066,Round 2,2
prestonv,jahim_,A,0818 0819,Round 2,2
Fierros47,treeshhhh,b,0788 0789 0790,Round 2,2
SUB 24,ChocoboJoe,b,act,Round 2,0
milkshook00,kool_kat.,a,1101 1102,Round 2,2
poosh_i,strawbbz,b,0882 0883 0884,Round 2,2
Psychokinetic4,Pressle54,a,1032 1033 1034,Round 2,2
bydy2,renlyyynnn,a,1017 1018,Round 2,2
epiclyepicgamer,Hypermoth,b,1203 1204 1205,Round 2,2
SUB 28,socialinclusion,b,0791 0792 0793,Round 2,2
valyns,UsernameABCD,b,act,Round 2,0
Yatagarasuwu,Himura,b,0785 0786 0787,Round 2,2
GSC_Lover_Boy,lemon04,b,1026 1027 1028,Round 2,2
DonlyPhans,.FunkyCop,b,0794 0795 0796,Round 2,2
Lawrencelot,warupeach,a,1014 1015 1016,Round 2,2
SUB 23,itsaregionaldialect,b,act,Round 2,0
dazey,Vholtninja,b,1024 1025,Round 2,2
Witchgender,CodeRedSP,b,1029 1030 1031,Round 2,2
nemesis_deno,caps lock 3009,a,0887 0888 0889,Round 2,2
Master_Penguini,bevreeze,a,1107 1108,Round 2,2
zoyotte,soulive,a,act,Round 2,0
Eternum,sdj,b,0797 0798,Round 2,2
tonii5531,Pietro Giuffra,a,1103 1104 1105 1106,Round 2,0
lacoot,crustaceus,b,1035 1036,Round 2,2
draccus_comun,allmovingshadows,a,1198 1199,Round 2,2
Forest4269,Blanched,b,1039 1040 1041,Round 2,2
biff_the_banana,luca,a,0782 0783 0784,Round 2,2
Wifike,wwwmonmon,b,act,Round 2,0
SUB 22,Musical_box,b,act,Round 2,0
Nicko8,hangerguardian,a,1147 1148,Round 2,2
cashzachary,zioplys,a,1021 1022,Round 2,2
kalarse,Latlat1,a,0799 0800,Round 2,2
biluv_v,SUB 25,a,1019 1020,Round 2,2
scrapmetal56,no8ull,b,1037 1038,Round 2,2
mewunderscoretwo,SUB 27,a,0885 0886,Round 2,2
Print Screen,sensei_moon,b,1012 1013,Round 2,2
peacemaker040,SUB 21,a,act,Round 2,0
IAmGolden.,doomlsinger,b,act,Round 2,0
allance05,frogsella,a,0779 0780 0781,Round 2,2
Repiloid,SUB 14,a,act,Round 2,0
blisy,Pabby_1805,a,0823 0824,Round 2,2
Fakes,SgtPingwen,a,1624 1625,Round 3,2
Triangles,marcelbruer,a,1675 1676,Round 3,2
pkLeech,gonzasaurio50,b,2056 2057 2058,Round 3,2
Fear,br.twfb,a,1677 1678,Round 3,2
jumpy23,sbmalus,a,1679 1680,Round 3,2
Leo,sieefffmon,b,1681 1682,Round 3,2
Kollin,ThunderousBagel,A,act,Round 3,0
Blues,heyitsmeriley,b,act,Round 3,0
River,nicki4,a,1683 1684,Round 3,2
Voyager,Sorenkazer,a,1685 1686 1687,Round 3,2
Carapinga,skittleskitty,a,1688 1689,Round 3,2
Mielke,Dwightasaurus,a,1690 1691,Round 3,2
Tyros,pac_rojo,b,1692 1693 1694,Round 3,0
Pokology,brestelli,a,1695 1696 1697,Round 3,2
laxuy,garcilp,a,1698 1699,Round 3,2
JR,mintchocolateguy,a,1700 1701,Round 3,2
Sheik,Sificon,a,1702 1703,Round 3,2
48,owlman7507,a,1704 1705,Round 3,2
Spfunkm,Agustin Palacios,b,act,Round 3,0
Johnald,Rainer7849,a,1706 1707,Round 3,2
D3stiny,etibamecus.,a,1708 1709 1710,Round 3,2
Zacpz,venomshoc,b,1711 1712,Round 3,2
Segale,mintyerb,a,1713 1714 1715,Round 3,2
earlgr3y,sligoblues,a,1716 1717 1718,Round 3,2
goldmason,GreenCity,b,1811 1812,Round 3,2
ThisGuyMuks,diegoin10,a,1813 1814,Round 3,2
DeezCastforms,f1remaster (Hikari),a,1815 1821 1822,Round 3,2
Zelph,.GeneralRevan,a,1823 1824,Round 3,2
Figull400,tyler.cox,b,2059 2082,Round 3,2
Don Tonionie,woeishuen,b,1825 1826 1827,Round 3,2
Bhol,tub69,a,1828 1829,Round 3,2
Evakiyama,darth0068,a,1830 1831,Round 3,2
Kai (aplgd),Superstar,a,1851 1852 1853,Round 3,2
MeEsSm,CheesiMoon,a,1854 1855,Round 3,2
OopsAllDeoxys,xho_xho_,b,1856 1857 1858,Round 3,2
Exiline,Redmoonie,a,1859 1860,Round 3,2
shawtyyyyyyy,Forte_French,a,1861 1862 1863,Round 3,2
Alice,Goose824,a,1864 1865,Round 3,2
Sanke Carp,Sophocles,b,1883 1884,Round 3,2
xXEricXx,s_2_w,A,1904 1905,Round 3,2
Marshy,moistmania,A,1906 1907,Round 3,2
Churi,gudemuch,a,1483 1484,Round 3,2
Incognition,tehpenguinofdoom,B,1908 1909,Round 3,2
Tempokin,clarissen,B,1448 1449,Round 3,2
Egor,Ehtis,A,1952 1953,Round 3,2
Cyberas,triiplemonstre,A,1910 1911,Round 3,2
Cake,jerdgerd,A,act,Round 3,0
Mantis,Scrigman,B,1912 1913 1914,Round 3,2
Otto,Beignet,a,act,Round 3,0
Seradess,jotaentrena,A,1457 1458 1459,Round 3,2
Zinc,ccgeek_,B,1915 1916,Round 3,2
luisin,J0af,A,1956 1957,Round 3,2
Amir (lordamir & lordamir2),mmtimmo,A,1917 1918 1919,Round 3,2
knexhawk,jaden_17522,B,1920 1921 1922,Round 3,2
.verb,swaggy001066,A,1460 1461,Round 3,2
Yoink 0,cepulo,B,1462 1463 1464,Round 3,2
Vayun,Don7331,A,1923 1924,Round 3,2
Typlion,Papa Escargo,B,1485 1486 1487,Round 3,2
executive_assistant,Mintyfresh756,A,1925 1926 1927,Round 3,2
Ghostmalone.,wiilink100,a,1488 1489,Round 3,2
fastandsleepy,ShotoNC,A,1465 1466,Round 3,2
tree69420,dragonsareoptimal,B,1467 1468,Round 3,2
.brever.,TRXXJEH,A,1469 1470,Round 3,2
btalb,S.k.magnet,B,1928 1929,Round 3,2
Eggman,rovels,b,act,Round 3,0
skitz_money,depressioncherry_66209,B,1471 1472 1473,Round 3,2
denizs8,b1ur,A,1930 1931,Round 3,2
ghostreported,ilikeeatingcrayons,A,1932 1933,Round 3,2
iNeedJuuce,secondari,B,1474 1475,Round 3,2
datguycactus,adv_fella,A,1476 1477,Round 3,2
greencatkid,cocoo7538,B,1934 1935 1936,Round 3,2
Klird,Saint-ome,B,1937 1938 1939,Round 3,2
dhgss,JCK_ionic,A,1940 1941,Round 3,2
jankcity,thedarvinist,b,1478 1479,Round 3,2
FaceOFF,lexi.pup,B,1954 1955,Round 3,2
gstrem_,DanWhoDis,A,1942 1943 1944,Round 3,2
billgatesalt_53189,Fantasmal_.,B,1480 1481 1482,Round 3,2
thestonewallsmith,squirtle_squadbig_squatto,A,1945 1946,Round 3,2
_uka,lengloi,A,2060 2061 2062,Round 3,2
Cream314,PuruglyIsUgly,A,1719 1720,Round 3,2
Attazer,SoCalSon,B,1721 1722 1723,Round 3,2
gorbinator.,@spreek,A,1490 1491 1492,Round 3,2
kuru1432,monchooo,b,act,Round 3,0
bloomsmiles,danielck9797,b,act,Round 3,0
sheikhater,Upon_Link_Main,A,1724 1725,Round 3,2
oskari1707,lemonlc,A,2063 2064,Round 3,2
dicerat8,jthompson9021,A,1493 1494 1495,Round 3,2
Ho_Chi,jeem16,A,1726 1727 1728,Round 3,2
Caloom,ReavenFTW,A,2065 2066 2067,Round 3,2
Cyberodin,legoerofeggos,A,2068 2069 2070,Round 3,2
Pak,voidvolta,A,1496 1497,Round 3,2
void,cremozar#6029,A,1729 1730,Round 3,2
Mayo,Chris2324,A,1731 1732,Round 3,2
Adam,Drby,A,2071 2072,Round 3,2
udm31,Coco / Yuii,A,1498 1499,Round 3,2
Big Will,jew9318,A,1733 1734 1735,Round 3,2
keepingiticy,Jibca,A,2073 2074 2075,Round 3,2
Typhoon Carter,resen,A,1736 1737 1738,Round 3,2
eliandiditagain,JoJ,A,1500 1501 1502,Round 3,2
W_R,DeathbyDunsparce,A,1739 1740 1741,Round 3,2
Zerkas,tsuki.no.miko,B,1742 1743 1744,Round 3,2
Colteor,UnzipsCrogre,A,1503 1504,Round 3,2
Celdanami,inkyno1,A,1505 1506,Round 3,2
Christos,janis105,A,1745 1746 1747,Round 3,2
Dridri457,pat2678,A,1507 1508 1509,Round 3,2
xTina,sdj,A,1510 1511 1512,Round 3,2
Texas Cloverleaf,MrBluestacks,B,1748 1749,Round 3,2
OOZ,UsernameABCD,A,1513 1514,Round 3,2
Futtoka,derevien,B,1515 1516,Round 3,2
nekuyagokoro,LoDart210,A,1750 1751,Round 3,2
kingofironfrisk,Microsoft_J,A,2076 2077 2078,Round 3,2
Zpanther,dorugang,A,1517 1518,Round 3,2
Nicole,kebinsan,A,1519 1520,Round 3,2
Rambode,dimiswooner,A,2079 2080 2081,Round 3,2
xGangg,Basharapplejuice,A,1752 1753,Round 3,2
Mackenzie,chtx,B,1521 1522 1523,Round 3,2
H>L,papajefe,A,1754 1755,Round 3,2
Oathkeeper,yd12k,B,1772 1773 1774,Round 3,2
OOF_MAXIMA,ManiacalDolphin,a,act,Round 3,0
Buzzed,Cyber-DJ,b,1775 1776 1777,Round 3,2
King Raska,@geosesarma,A,1778 1779,Round 3,2
qsns,pinjarrapanther,a,1780 1781,Round 3,2
TechSavage,saltocorto,b,1782 1783 1784,Round 3,2
Younglemonhope,sensei_moon,a,1785 1786 1787,Round 3,2
Cryolite,med470,B,2205 2206 2207,Round 3,2
Shadowtime2000,lemon04,a,1788 1789,Round 3,2
ratdogreborn,Pulcsii,a,1790 1791,Round 3,2
Hinkage,wwwmonmon,b,1792 1793,Round 3,2
Dancing Along/Abreaction,Polt99,a,act,Round 3,0
Just_Leo,big_jerry,a,1794 1795 1796,Round 3,2
DastardlyDwarf,elmagneto,b,1797 1798 1799,Round 3,2
Jabba,Musical_box,a,1800 1801,Round 3,2
bd31,madelinmorningstar,a,1802 1803,Round 3,2
Psychokinetic4,zy___,a,1804 1805,Round 3,2
Skarpherim,goldthe1andonly,a,1806 1807,Round 3,2
usbreon,Kenmarijuana,a,1808 1809 1810,Round 3,2
Tiberiusfieri,ebitachy,a,1816 1817 1818,Round 3,2
Svejk97,realfredrickDOUGLASS,a,1819 1820,Round 3,2
YamHam,grahamsandwich,b,1832 1833,Round 3,2
imcob,_deacon,b,1834 1835,Round 3,2
tibetanator,crustaceus,b,1836 1837,Round 3,2
Drekt93#0078,@struggles_under_pressure,a,1838 1839 1840,Round 3,2
Tyxerns,Salamaster,b,1841 1842 1843,Round 3,2
Nicko8,liamworldpeace,A,2203 2204,Round 3,2
xerospacious,I am the Jarl,b,1844 1845,Round 3,2
temraneee,jozin457,b,1846 1847,Round 3,2
Lawrencelot,almarkowbender,b,1848 1849 1850,Round 3,2
funhouse3,Lunasran,B,act,Round 3,0
thegreatest23,Felizelise,b,1866 1867 1868,Round 3,2
vy_apostrophe,Hypermoth,b,1869 1870,Round 3,2
durmain (slamonBbq),girlevader,a,1871 1872,Round 3,2
deftbrixton,tanao,a,1873 1874,Round 3,2
cashzachary,irrelevantone,A,2200 2201 2202,Round 3,2
.turkeyleg,steffmoney,a,1875 1876 1877,Round 3,2
SentientSanchez,milkshook00,b,1878 1879 1880,Round 3,2
emerald_harrold,lucida,a,1881 1882,Round 3,2
tamafuyu,Redrame,b,1618 1619 1620,Round 3,2
cisconduct,testemunha2622,a,act,Round 3,0
air602,treyprime,a,1621 1622 1623,Round 3,2
erfder (old style Erfder#3147),yuramas,b,1626 1627,Round 3,2
Vholtninja,wavy_ish,b,act,Round 3,0
kinglazi,Stuckkkk,b,2040 2041 2042,Round 3,2
justbestlevels,ViciousCricket,a,1628 1629 1630,Round 3,2
Dig Boshi,Ghostfall22,b,1631 1632,Round 3,2
onewhorants,sharkhammer,a,1633 1634 1635,Round 3,2
kalarse,terradayy,a,1636 1637 1638,Round 3,2
Repiloid,zettsbro,b,act,Round 3,0
LevysChair,dragonlord6954,a,1639 1640 1641,Round 3,2
poots6476,mafx,a,1642 1643 1644,Round 3,2
themightyq99,dustyfans,b,1645 1646 1647,Round 3,2
Aahaahaah,.FunkyCop,b,1650 1648 1649,Round 3,2
swordpeace3232,felipe01788_,a,1651 1652,Round 3,2
Slimsinatra93,doh#5604,b,act,Round 3,0
yadyaksh,stolenpaper,b,act,Round 3,0
KingWafl,ltg04,b,1653 1654 1655,Round 3,2
strawbbz,Mulikki123,a,2043 2044,Round 3,2
egocheck,koentjelub,a,1656 1657,Round 3,2
lucyisafish,nichard_,b,2045 2046 2047,Round 3,2
heroin4sale,bohrier,b,1658 1659,Round 3,2
pLzzazz,jd_orph,b,1660 1661 1662,Round 3,2
Melninja,Shifty1239,b,1431 1432,Round 3,2
HakkihanTunbak (I recently joined the discord),anashensoul,b,1663 1664 1665,Round 3,2
darth_halux,doomlsinger,a,2048 2049,Round 3,2
Dray_jd,Mamakoko,b,1666 1667 1668,Round 3,2
no8ull,hypebeasthegel,a,1669 1670 1671,Round 3,2
Josito,treeshhhh,b,act,Round 3,0
zxgzxg,danielsemmson,a,act,Round 3,0
otael,Spedonic,a,2050 2051,Round 3,2
thefattestofyoshis,kvistsivk,b,1672 1673,Round 3,2
bruh504,kylemckell,b,2052 2053,Round 3,2
@pek__,allance05,a,act,Round 3,0
annuit99,Rezzo,a,1674 1756,Round 3,2
.aj2.0,scurrying_snail,a,1757 1758,Round 3,2
cow3492,Stockings,b,2054 2055,Round 3,2
larkindred,sapphire918,b,1759 1760,Round 3,2
jussydkt,firecracker1195,A,1967 1968,Round 3,2
Antinomy,Blanched,B,act,Round 3,0
.germ_,Calm Stiege,B,1969 1970 1971,Round 3,2
1captainmorgan,Somnanana,A,act,Round 3,0
tonii5531,hipimochi,A,1972 1973,Round 3,2
Tefo,Guebor,A,1974 1975,Round 3,2
Daeronchick,millingwinds,B,act,Round 3,0
theepiccd56,James67,B,1976 1977,Round 3,2
Nuskadamo,.seden,B,act,Round 3,0
HunarPG,diamonddiancie,B,1978 1979,Round 3,2
wolfturds,bigjon.,A,1980 1981 1982,Round 3,2
@aevitostrath or Timehacker Aevitos,SqueamishCube,B,1983 1984 1985,Round 3,2
tj_srevlis,hansenator.,A,1986 1987,Round 3,2
Moneybaggslowbro,dylan69__,B,1988 1989,Round 3,2
fayestra,KeshBa45,B,1990 1991,Round 3,2
Goodnightloulou,mewunderscoretwo,B,1992 1993 1994,Round 3,2
clinkbug,Master_Penguini,A,1995 1996,Round 3,2
ultraemeraldman_16197,choicescarf002,B,1997 1998,Round 3,2
Zacynthius02,Alargemongoose,B,act,Round 3,0
roofb,TacCat,B,act,Round 3,0
yallen,sprasle,A,1999 2000,Round 3,2
Lhions,Himura,B,2001 2002,Round 3,2
tahat_t,CoffeePour,A,2003 2004,Round 3,2
nemesis_deno,deckline,A,2005 2006 2007,Round 3,2
ponzuuu,Leeto64,B,2008 2009,Round 3,2
The_Badger1230,CraterLake,A,act,Round 3,0
@xlimexheep,"rbvengeance (Nicknamed RBV in the server, you can use this as a shorthand)",A,2010 2011 2012,Round 3,2
Reptikrook,bobjoecarl,A,2013 2014 2015,Round 3,2
Baptista,Jsockamisama,A,2016 2017 2018,Round 3,2
CodeRedSP,incognidoqueen,B,2019 2020 2021,Round 3,2
wombatbaby,leofox___,B,act,Round 3,0
ditdus.,Melee Minion,A,2022 2023 2024,Round 3,2
diegoyuhhi,plznostep,A,2025 2026,Round 3,2
Greyaz,flareliger,b,2027 2028,Round 3,2
iwasmoth,biff_the_banana,B,2029 2030,Round 3,2
halbertsimpson,Colby2D,B,2031 2032,Round 3,2
ChocoboJoe,SpeccyGames,A,2033 2034,Round 3,2
truelawbringer,Samnyg,B,2035 2036 2037,Round 3,2
Derde,litterofbiscuits,A,2038 2039,Round 3,2
blisy,gambling.goddess,a,1550 1551,Round 3,2
jensendale,Graham (graaahaaam),a,1601 1602 1603,Round 3,2
solars_power,gpd_123,b,1963 1964,Round 3,2
socialinclusion,Genofool,a,1604 1605,Round 3,2
Mimien97,nadiddhrabb,b,1552 1553 1554,Round 3,2
saiyanpride.,biluv_v,a,1555 1556 1557,Round 3,2
Kydreith33,ChetManley,a,1606 1607,Round 3,2
Grain_Jar,peacemaker040,a,1965 1966,Round 3,2
shadowinger,moggie776,a,1558 1559 1560,Round 3,2
5darkelves_gmen,etymon_,a,1561 1562 1563,Round 3,2
busyboi,swope,a,1608 1609 1610,Round 3,2
isaiahterveen,samjamslam,b,1564 1565 1566,Round 3,2
catholicguilttrip,bydy2,b,1611 1612,Round 3,2
prestonv,Kenuckz,b,1567 1568,Round 3,2
michaelmeets,style_purposes,b,act,Round 3,0
Ktools#9665,gogozeppeli1890 (rconquer),b,1569 1570 1571,Round 3,2
dadaasdcfaw,dfr2248,a,1572 1573 1574,Round 3,2
comseal,olliertlol,a,act,Round 3,0
zoyotte,blunderpolicy,b,1958 1959 1960,Round 3,2
Raven_queen,grillking,a,1961 1962,Round 3,2
ashvinbutduck,luukthegamer,a,act,Round 3,0
coutt,_rekkzz_,b,1575 1576 1577,Round 3,2
charku,sanbaibeepo,b,1578 1579 1580,Round 3,2
EatYourToastSon,itsaregionaldialect,a,act,Round 3,0
Axselo,Wizzyhatg,b,1581 1582 1583,Round 3,2
witgiz,MCJD931,a,1584 1585,Round 3,2
4lowray,Simonf,b,1586 1587 1588,Round 3,2
tavi_tavi,TheTwo,a,1613 1614,Round 3,2
draccus_comun,myrox123,a,1589 1590,Round 3,2
Altina,sopphaking,a,1591 1592 1593,Round 3,2
A Welcome Guest,perogee,b,1899 1900 1901,Round 3,2
Kingu,poosh_i,b,1594 1595 1596,Round 3,2
Roy Yamaha,wonderfulwhiscash,a,act,Round 3,0
Smallow,Gthorpe1993,a,1597 1598,Round 3,2
Zcarlett,chipi,a,1615 1616 1617,Round 3,2
Alecss,renlyyynnn,a,act,Round 3,0
soulive,frogsella,b,act,Round 3,0
Loneling,Filthy Cubone,a,1902 1903,Round 3,2
viel06,countsligo,b,1599 1600,Round 3,2
MenaCicada,rizzarroflame,b,1947 1948 1949,Round 3,2
enkiduofficial,green.9082,b,1769 1770 1771,Round 3,2
fuckboylenny,SUB 25,a,act,Round 3,0
dazey,Rebatca,b,1766 1767 1768,Round 3,2
jpmockman,SUB 20,a,act,Round 3,0
SUB 23,Luca Dylan,B,act,Round 3,0
JxJ,loffelbiskuit,a,1534 1535 1536,Round 3,2
MoxieKrok,CHICKENBOOB,A,act,Round 3,0
SUB 26,luca,b,act,Round 3,0
WraxiusGaming,SUB 28,A,act,Round 3,0
lemann8184,aquaa,b,act,Round 3,0
2coinsglued,SUB 21,a,act,Round 3,0
bigyunakafan,javiercar#9743,b,1950 1951,Round 3,2
giantking20,.lucky_7.,b,act,Round 3,0
Ezcrime,martconqueso,b,2083 2084,Round 3,2
_honua,tommy4830,b,1445 1446 1447,Round 3,2
SUB 3,caps lock 3009,b,act,Round 3,0
SUB 17,Ale8150,B,act,Round 3,0
Kenava,brunocoolgamers,a,1547 1548 1549,Round 3,2
msousa,Fairy,a,1544 1545 1546,Round 3,2
SUB 22,dabebri,B,act,Round 3,0
hachimaki.,SUB 24,a,act,Round 3,0
Birthdayninja,chad.lagos,b,1541 1542 1543,Round 3,2
Albatross115,SUB 2,a,act,Round 3,0
mcgowin (ID: lgv#9084),BlerpDerpSkerp,a,act,Round 3,0
Eternum,Yatagarasuwu,b,1441 1442,Round 3,2
SUB 19,doc.steel,b,act,Round 3,0
SUB 12,chrisdrums19,b,act,Round 3,0
nihiliros,SUB 18,a,act,Round 3,0
SUB 27,hangerguardian,b,act,Round 3,0
ilovemygrandma444,Carfrogs,a,act,Round 3,0
SUB 8,the_app,b,act,Round 3,0
Pabby_1805,kingkpak#0546,a,1764 1765,Round 3,2
DonlyPhans,realshelly,a,1761 1762 1763,Round 3,2
Pietro Giuffra,scrapmetal56,b,act,Round 3,0
SUB 13,v1ctor23,b,act,Round 3,0
Forest4269,SUB 9,a,act,Round 3,0
ellieofficialvevo,Stao,b,1539 1540,Round 3,2
kool_kat.,bdicap,b,1537 1538,Round 3,2
lacoot,GSC_Lover_Boy,b,1524 1525 1526,Round 3,2
epiclyepicgamer,bevreeze,a,1897 1898,Round 3,2
avongarde_ult,shinyhunter8013,a,act,Round 3,0
loopingpyre,nick_parenti,b,1527 1528,Round 3,2
bashedayo,starii88,b,1433 1434 1435,Round 3,2
Pressle54,lraven17,a,act,Round 3,0
FISH (gypsytea),IAmGolden.,a,act,Round 3,0
scootymcbooty123,SUB 15,a,act,Round 3,0
SUB 14,kewta,b,act,Round 3,0
bugthatlovesfish,Sotina,a,1436 1437 1438,Round 3,2
SUB 29,Wifike,b,act,Round 3,0
allmovingshadows,Ragnarocco244,a,1529 1530 1531,Round 3,2
SUB 4,Bedal.r,b,act,Round 3,0
kinou_pkm,SUB 7,a,act,Round 3,0
xamvius,ByrneBaby,a,1532 1533,Round 3,2
theamazingeevee,YellowHat#0714,a,1451 1452,Round 3,2
berkyderky,ambiguousity_,a,1895 1896,Round 3,2
aldrichunfaithful,romeugoat._25355,a,act,Round 3,0
SUB 6,Print Screen,b,act,Round 3,0
toruwu,valyns,b,2085 2086,Round 3,2
Witchgender,jheff97,a,1892 1893 1894,Round 3,2
SUB 11,dinkdank_,b,act,Round 3,0
lindonh,lawn1826,a,act,Round 3,0
warupeach,cheerful_dragon_75260,a,act,Round 3,0
cleffacutie,.alig.,b,1890 1891,Round 3,2
SUB 16,Nunleft,b,act,Round 3,0
walterbite,evilartnboy,a,1887 1888 1889,Round 3,2
Fierros47,le_penseur,a,act,Round 3,0
YlisseanStarlight,peabnut,a,act,Round 3,0
Hidan.0/idfk,Latlat1,b,act,Round 3,0
mugua (purple Pikmin pfp),triskeriaki,b,act,Round 3,0
elysyr,Apostic,a,1439 1440,Round 3,2
krungus_01138,elanieunderscore,a,1450 1453 1454,Round 3,2
almbkn,Peppeppeia,a,act,Round 3,0
GroundBack,rajime.,b,1443 1444,Round 3,2
jahim_,Vassimobin,a,1455 1456,Round 3,2
zioplys,bergenseren,a,act,Round 3,0
glucoseguardian1,wyli.olivete,b,1885 1886,Round 3,2
Frutiepie,SUB 10,a,act,Round 3,0
Mielke,.seden,a,2300 2301 2302,Round 4,2
Fakes,jaden_17522,a,2303 2304,Round 4,2
Triangles,pac_rojo,a,2305 2306,Round 4,2
Fear,cocoo7538,a,2589 2590,Round 4,2
jumpy23,GreenCity,a,2307 2308 2309,Round 4,2
Kollin,lexi.pup,a,2310 2311,Round 4,2
River,executive_assistant,a,2312 2313,Round 4,2
Voyager,Ghostmalone.,b,2591 2592 2593,Round 4,2
Carapinga,venomshoc,a,2597 2598 2599,Round 4,2
Pokology,clarissen,a,2314 2315,Round 4,2
laxuy,Fantasmal_.,a,2316 2317,Round 4,2
JR,tehpenguinofdoom,a,2594 2595 2596,Round 4,2
Sheik,thestonewallsmith,a,2318 2319 2320,Round 4,2
48,sieefffmon,a,2321 2322 2323,Round 4,2
Johnald,Scrigman,a,2324 2325 2326,Round 4,2
D3stiny,denizs8,b,2327 2328,Round 4,2
Segale,_uka,b,2329 2330 2331,Round 4,2
earlgr3y,annuit99,b,2332 2333,Round 4,2
ThisGuyMuks,Agustin Palacios,a,2334 2335 2336,Round 4,2
DeezCastforms,sheikhater,a,2337 2338,Round 4,2
Zelph,thedarvinist,a,2339 2340 2341,Round 4,2
Bhol,fastandsleepy,b,2342 2343 2344,Round 4,2
Evakiyama,oskari1707,b,2345 2346 2347,Round 4,2
Kai (aplgd),rovels,a,2348 2349,Round 4,2
Vayun,Sophocles,b,act,Round 4,0
MeEsSm,.brever.,a,2350 2351,Round 4,2
OopsAllDeoxys,tyler.cox,b,act,Round 4,0
Exiline,secondari,b,2600 2601,Round 4,2
shawtyyyyyyy,heyitsmeriley,a,2602 2603 2604,Round 4,2
Alice,dragonsareoptimal,a,2352 2353,Round 4,2
xXEricXx,gorbinator.,a,2605 2606 2607,Round 4,2
Marshy,datguycactus,a,2608 2609 2610,Round 4,2
Churi,SoCalSon,a,2354 2355 2356,Round 4,2
Egor,gstrem_,a,act,Round 4,0
Cyberas,cepulo,b,2611 2612,Round 4,2
Cake,Papa Escargo,a,2357 2358,Round 4,2
Otto,dicerat8,b,2359 2360 2361,Round 4,2
Seradess,ghostreported,a,2613 2614,Round 4,2
luisin,Cream314,a,2362 2363 2364,Round 4,2
Amir (lordamir & lordamir2),danielck9797,a,2365 2366,Round 4,2
.verb,Saint-ome,b,2367 2368,Round 4,2
monchooo,gonzasaurio50,a,2369 2370,Round 4,2
depressioncherry_66209,dhgss,a,2371 2372,Round 4,2
ccgeek_,Ho_Chi,b,act,Round 4,0
pkLeech,J0af,a,2570 2571,Round 4,2
Caloom,MrBluestacks,a,2259 2260,Round 4,2
Leo,Lunasran,b,act,Round 4,0
Cyberodin,cashzachary,a,2261 2262,Round 4,2
Blues,garcilp,a,2499 2500,Round 4,2
Pak,Superstar,a,2143 2144,Round 4,2
Tyros,Ghostfall22,b,2263 2264 2265,Round 4,2
void,grahamsandwich,a,2572 2573 2574,Round 4,2
Mayo,PuruglyIsUgly,a,2145 2146,Round 4,2
Adam,blisy,a,2501 2502 2503,Round 4,2
udm31,lengloi,b,2266 2267,Round 4,2
Big Will,ashvinbutduck,a,2147 2148,Round 4,2
keepingiticy,skittleskitty,a,2177 2178 2179,Round 4,2
Typhoon Carter,@pek__,a,2268 2269 2270,Round 4,2
eliandiditagain,owlman7507,a,2271 2272 2273,Round 4,2
Spfunkm,no8ull,b,act,Round 4,0
W_R,adv_fella,b,act,Round 4,0
Zacpz,crustaceus,a,2149 2150 2151,Round 4,2
Colteor,derevien,a,2508 2509,Round 4,2
goldmason,Stockings,b,act,Round 4,0
Celdanami,Felizelise,a,2152 2153,Round 4,2
Christos,otael,a,2154 2155,Round 4,2
Dridri457,tsuki.no.miko,a,2274 2275 2276,Round 4,2
Figull400,Ehtis,a,2277 2278,Round 4,2
Don Tonionie,swordpeace3232,a,2504 2505,Round 4,2
xTina,usbreon,a,2506 2507,Round 4,2
OOZ,stolenpaper,b,2279 2280 2281,Round 4,2
kingofironfrisk,br.twfb,a,2140 2141 2142,Round 4,2
Zpanther,almarkowbender,a,2137 2138 2139,Round 4,2
Nicole,jeem16,a,2282 2283 2284,Round 4,2
Rambode,biff_the_banana,a,2285 2286,Round 4,2
xGangg,bydy2,a,2156 2157 2158,Round 4,2
H>L,5darkelves_gmen,a,2287 2288 2289,Round 4,2
Sanke Carp,sbmalus,b,2159 2160 2161,Round 4,2
OOF_MAXIMA,darth_halux,a,2175 2176,Round 4,2
Incognition,ditdus.,a,2575 2576 2577,Round 4,2
Tempokin,SqueamishCube,a,2290 2291,Round 4,2
King Raska,treeshhhh,a,2162 2163 2164,Round 4,2
qsns,Mintyfresh756,a,act,Round 4,0
Mantis,Shifty1239,a,2292 2293 2294,Round 4,2
Younglemonhope,Wizzyhatg,a,2295 2296 2297,Round 4,2
Shadowtime2000,.FunkyCop,a,2578 2579,Round 4,2
ratdogreborn,med470,a,2298 2299,Round 4,2
Dancing Along/Abreaction,gpd_123,a,act,Round 4,0
Just_Leo,nicki4,a,2580 2581,Round 4,2
Zinc,jussydkt,a,2411 2412 2413,Round 4,2
Jabba,Stuckkkk,a,2414 2415,Round 4,2
knexhawk,tavi_tavi,a,2416 2417,Round 4,2
bd31,Upon_Link_Main,a,2418 2419,Round 4,2
Psychokinetic4,dadaasdcfaw,b,act,Round 4,0
Skarpherim,kuru1432,a,act,Round 4,0
Yoink 0,Reptikrook,a,2420 2421 2422,Round 4,2
jozin457,mintchocolateguy,a,2423 2424 2425,Round 4,2
dustyfans,Simonf,b,2426 2427,Round 4,2
brestelli,Svejk97,b,2428 2429,Round 4,2
The_Badger1230,nekuyagokoro,a,2430 2431,Round 4,2
leofox___,strawbbz,b,2432 2433,Round 4,2
nichard_,milkshook00,b,2582 2583,Round 4,2
iNeedJuuce,ltg04,a,2434 2435,Round 4,2
emerald_harrold,gudemuch,a,2436 2437 2438,Round 4,2
Drekt93#0078,flareliger,b,2439 2440 2441,Round 4,2
jthompson9021,_deacon,a,2442 2443,Round 4,2
egocheck,diamonddiancie,a,2444 2445,Round 4,2
btalb,tonii5531,b,2446 2447,Round 4,2
Klird,poots6476,b,2587 2588,Round 4,2
jd_orph,sanbaibeepo,a,2448 2449 2450,Round 4,2
woeishuen,Raven_queen,a,2451 2452,Round 4,2
f1remaster (Hikari),Kydreith33,a,2453 2454,Round 4,2
doh#5604,TRXXJEH,b,2584 2585 2586,Round 4,2
deftbrixton,ChocoboJoe,b,2455 2456 2457,Round 4,2
busyboi,tub69,a,2458 2459,Round 4,2
chtx,nadiddhrabb,a,2460 2461 2462,Round 4,2
DanWhoDis,.aj2.0,b,2463 2464 2465,Round 4,2
Himura,cisconduct,a,2466 2467,Round 4,2
Salamaster,diegoin10,a,2468 2469 2470,Round 4,2
Eggman,S.k.magnet,b,act,Round 4,0
zettsbro,etibamecus.,a,2471 2472 2473,Round 4,2
Mamakoko,wwwmonmon,b,2474 2475,Round 4,2
jerdgerd,kylemckell,a,2476 2477,Round 4,2
clinkbug,wiilink100,b,2478 2479,Round 4,2
Tiberiusfieri,triiplemonstre,a,2480 2481,Round 4,2
@spreek,jankcity,a,2482 2483 2484,Round 4,2
kvistsivk,yallen,a,2485 2486 2487,Round 4,2
Grain_Jar,justbestlevels,b,2488 2489,Round 4,2
gogozeppeli1890 (rconquer),1captainmorgan,a,2490 2491 2492,Round 4,2
billgatesalt_53189,Dwightasaurus,b,2634 2635,Round 4,2
Redmoonie,durmain (slamonBbq),b,2493 2494 2495,Round 4,2
TacCat,CheesiMoon,b,2496 2497 2498,Round 4,2
Colby2D,marcelbruer,a,2087 2088,Round 4,2
comseal,greencatkid,b,2373 2374 2375,Round 4,2
air602,jotaentrena,a,2089 2090,Round 4,2
zxgzxg,.GeneralRevan,b,2180 2181,Round 4,2
Typlion,Beignet,b,2184 2185 2186,Round 4,2
bloomsmiles,Nicko8,b,act,Round 4,0
mewunderscoretwo,socialinclusion,b,2099 2100,Round 4,2
onewhorants,wolfturds,a,2376 2377,Round 4,2
style_purposes,Sificon,a,2171 2172,Round 4,2
tree69420,Redrame,a,2165 2166,Round 4,2
wavy_ish,skitz_money,a,act,Round 4,0
ThunderousBagel,LevysChair,a,2378 2379,Round 4,2
darth0068,yuramas,b,2380 2381 2382,Round 4,2
Baptista,dylan69__,b,2524 2525 2526,Round 4,2
millingwinds,choicescarf002,b,2182 2183,Round 4,2
shadowinger,xho_xho_,b,2103 2104,Round 4,2
lemonlc,KeshBa45,a,2522 2523,Round 4,2
Guebor,ShotoNC,a,2561 2562 2563 2564,Round 4,0
ilikeeatingcrayons,Don7331,b,2383 2384,Round 4,2
Rainer7849,Samnyg,a,act,Round 4,0
dorugang,EatYourToastSon,b,2101 2102,Round 4,2
Leeto64,Goose824,b,2568 2569,Round 4,2
_rekkzz_,swaggy001066,a,2167 2168,Round 4,2
jensendale,mintyerb,b,2169 2170,Round 4,2
b1ur,Cyber-DJ,a,2385 2386,Round 4,2
tj_srevlis,squirtle_squadbig_squatto,b,2387 2388,Round 4,2
Alargemongoose,yd12k,a,2520 2521,Round 4,2
Kenuckz,JCK_ionic,a,2173 2174,Round 4,2
samjamslam,tahat_t,a,act,Round 4,0
bohrier,kalarse,a,2389 2390 2391,Round 4,2
Calm Stiege,saltocorto,b,2091 2092 2093,Round 4,2
Blanched,Hypermoth,a,2094 2095,Round 4,2
blunderpolicy,I am the Jarl,a,act,Round 4,0
Forte_French,James67,a,2392 2393,Round 4,2
moistmania,Attazer,a,2394 2395,Round 4,2
incognidoqueen,diegoyuhhi,a,2396 2397 2398,Round 4,2
Sorenkazer,elmagneto,b,2399 2400,Round 4,2
mmtimmo,.turkeyleg,a,2105 2106 2107,Round 4,2
anashensoul,SgtPingwen,a,2401 2402,Round 4,2
sapphire918,@xlimexheep,a,2096 2097 2098,Round 4,2
sligoblues,Derde,a,2403 2404 2405,Round 4,2
witgiz,saiyanpride.,a,2565 2566 2567,Round 4,2
nemesis_deno,FaceOFF,b,2406 2407,Round 4,2
s_2_w,draccus_comun,a,2408 2409 2410,Round 4,2
Altina,ChetManley,A,2108 2109,Round 4,2
Zerkas,dabebri,a,act,Round 4,0
Texas Cloverleaf,theepiccd56,b,2630 2631,Round 4,2
Futtoka,zoyotte,b,act,Round 4,0
Mackenzie,Pressle54,A,2527 2528,Round 4,2
Roy Yamaha,martconqueso,A,2529 2636,Round 4,2
Oathkeeper,olliertlol,b,2632 2633,Round 4,2
Smallow,Goodnightloulou,b,act,Round 4,0
Buzzed,scurrying_snail,A,2124 2125,Round 4,2
Zcarlett,Pulcsii,a,act,Round 4,0
TechSavage,.alig.,b,2558 2559 2560,Round 4,2
Alecss,sharkhammer,A,2110 2111 2112,Round 4,2
Cryolite,mafx,A,2126 2127,Round 4,2
Hinkage,LoDart210,a,2531 2532,Round 4,2
DastardlyDwarf,MoxieKrok,b,act,Round 4,0
janis105,Axselo,b,2533 2534,Round 4,2
hipimochi,nihiliros,A,2128 2129 2130,Round 4,2
Dray_jd,Microsoft_J,B,2535 2536,Round 4,2
avongarde_ult,msousa,B,act,Round 4,0
YlisseanStarlight,myrox123,a,act,Round 4,0
Vholtninja,prestonv,A,2537 2538 2539,Round 4,2
ViciousCricket,UnzipsCrogre,B,2113 2114,Round 4,2
roofb,tanao,b,act,Round 4,0
Mulikki123,realfredrickDOUGLASS,a,act,Round 4,0
xamvius,Ale8150,A,act,Round 4,0
gambling.goddess,ponzuuu,a,act,Round 4,0
luca,HunarPG,B,2540 2541 2542,Round 4,2
etymon_,Witchgender,B,2556 2557,Round 4,2
steffmoney,heroin4sale,a,2543 2544,Round 4,2
Yatagarasuwu,solars_power,A,2115 2116 2117,Round 4,2
Jibca,countsligo,B,2131 2132 2133,Round 4,2
Musical_box,.germ_,b,act,Round 4,0
dfr2248,chrisdrums19,B,act,Round 4,0
epiclyepicgamer,bdicap,A,2545 2546 2547,Round 4,2
themightyq99,green.9082,b,2548 2549,Round 4,2
Kenmarijuana,hypebeasthegel,a,2550 2551 2552,Round 4,2
treyprime,triskeriaki,b,2627 2628 2629,Round 4,2
danielsemmson,Nuskadamo,a,act,Round 4,0
UsernameABCD,firecracker1195,a,act,Round 4,0
testemunha2622,Greyaz,b,2118 2119 2120,Round 4,2
DeathbyDunsparce,grillking,a,2134 2135 2136,Round 4,2
FISH (gypsytea),ebitachy,B,2121 2122 2123,Round 4,2
pat2678,scrapmetal56,b,act,Round 4,0
Latlat1,tommy4830,a,2553 2554 2555,Round 4,2
poosh_i,CoffeePour,A,2800 2801 2802,Round 4,2
Kenava,Chris2324,A,2803 2804 2805,Round 4,2
thegreatest23,Albatross115,A,2806 2807 2808,Round 4,2
Forest4269,kinou_pkm,B,2809 2810,Round 4,2
voidvolta,Graham (graaahaaam),B,act,Round 4,0
imcob,JoJ,B,2811 2812 2813,Round 4,2
pinjarrapanther,chad.lagos,A,2814 2815,Round 4,2
ReavenFTW,Wifike,A,act,Round 4,0
4lowray,madelinmorningstar,B,2816 2817 2818,Round 4,2
biluv_v,theamazingeevee,A,2819 2820,Round 4,2
ultraemeraldman_16197,yadyaksh,A,act,Round 4,0
larkindred,HakkihanTunbak (I recently joined the discord),A,2821 2822 2823,Round 4,2
zy___,almbkn,B,2824 2825,Round 4,2
Tyxerns,warupeach,A,2826 2827 2828,Round 4,2
temraneee,Loneling,B,2829 2830,Round 4,2
wyli.olivete,caps lock 3009,A,2831 2832 2833,Round 4,2
Dig Boshi,2coinsglued,a,act,Round 4,0
Bedal.r,starii88,B,act,Round 4,0
thefattestofyoshis,Moneybaggslowbro,B,2834 2835,Round 4,2
luukthegamer,tibetanator,B,2836 2837,Round 4,2
erfder (old style Erfder#3147),Tefo,B,2838 2839 2840,Round 4,2
doc.steel,deckline,a,act,Round 4,0
koentjelub,wombatbaby,A,2841 2842 2843,Round 4,2
peacemaker040,Aahaahaah,B,2844 2845,Round 4,2
Master_Penguini,swope,B,2846 2847 2848,Round 4,2
ilovemygrandma444,cow3492,B,2849 2850 2851,Round 4,2
vy_apostrophe,krungus_01138,A,2852 2853 2854,Round 4,2
sdj,YamHam,A,2855 2856 2857,Round 4,2
bigjon.,Somnanana,A,2858 2859,Round 4,2
@geosesarma,perogee,A,2860 2861 2862,Round 4,2
bruh504,doomlsinger,A,act,Round 4,0
Print Screen,CodeRedSP,A,2863 2864 2865,Round 4,2
fuckboylenny,Slimsinatra93,A,act,Round 4,0
v1ctor23,Melee Minion,B,2866 2867,Round 4,2
zioplys,charku,B,2868 2869,Round 4,2
fayestra,xerospacious,A,2870 2871,Round 4,2
funhouse3,Spedonic,A,act,Round 4,0
ManiacalDolphin,legoerofeggos,A,2872 2873 2874,Round 4,2
michaelmeets,Coco / Yuii,B,act,Round 4,0
DonlyPhans,coutt,A,2875 2876 2877,Round 4,2
Polt99,berkyderky,A,2878 2879,Round 4,2
Jsockamisama,kewta,B,2880 2881 2882,Round 4,2
Repiloid,JxJ,b,act,Round 4,0
halbertsimpson,Lawrencelot,A,2883 2884 2885,Round 4,2
Stao,Genofool,b,act,Round 4,0
aldrichunfaithful,big_jerry,a,2187 2188 2189,Round 4,2
plznostep,@struggles_under_pressure,b,act,Round 4,0
rajime.,cremozar#6029,b,2255 2256,Round 4,2
sprasle,goldthe1andonly,b,2190 2191,Round 4,2
felipe01788_,isaiahterveen,b,2192 2193 2194,Round 4,2
Pabby_1805,lucyisafish,b,2208 2209 2210,Round 4,2
Zacynthius02,mcgowin (ID: lgv#9084),a,2211 2212 2213,Round 4,2
javiercar#9743,irrelevantone,b,2198 2199,Round 4,2
Frutiepie,Fierros47,b,2214 2215,Round 4,2
MCJD931,SentientSanchez,b,2615 2616,Round 4,2
allmovingshadows,liamworldpeace,a,2617 2618 2619,Round 4,2
Basharapplejuice,CraterLake,a,act,Round 4,0
Rebatca,SpeccyGames,a,2620 2621 2622,Round 4,2
walterbite,pLzzazz,b,2216 2217 2218,Round 4,2
hansenator.,rizzarroflame,b,2219 2220,Round 4,2
Vassimobin,litterofbiscuits,a,2623 2624,Round 4,2
Rezzo,bobjoecarl,a,2221 2222 2223,Round 4,2
lucida,hangerguardian,a,act,Round 4,0
dinkdank_,jpmockman,a,2224 2225 2226,Round 4,2
inkyno1,Ktools#9665,b,2227 2228,Round 4,2
TheTwo,WraxiusGaming,b,2229 2230,Round 4,2
@aevitostrath or Timehacker Aevitos,the_app,b,2231 2232,Round 4,2
KingWafl,"rbvengeance (Nicknamed RBV in the server, you can use this as a shorthand)",a,2233 2234 2235,Round 4,2
nick_parenti,elysyr,b,2625 2626,Round 4,2
catholicguilttrip,resen,b,2236 2237,Round 4,2
Mimien97,aquaa,a,2238 2239 2240,Round 4,2
Lhions,Daeronchick,a,act,Round 4,0
frogsella,kebinsan,a,2241 2242,Round 4,2
Melninja,Luca Dylan,a,act,Round 4,0
scootymcbooty123,kinglazi,a,act,Round 4,0
girlevader,bugthatlovesfish,b,act,Round 4,0
sensei_moon,moggie776,b,2243 2244,Round 4,2
tamafuyu,allance05,a,2245 2246,Round 4,2
terradayy,papajefe,a,2247 2248 2249,Round 4,2
iwasmoth,valyns,a,2257 2258,Round 4,2
lindonh,dragonlord6954,b,act,Round 4,0
truelawbringer,lemon04,b,2250 2251,Round 4,2
jew9318,Nunleft,a,2252 2253 2254,Round 4,2
dimiswooner,Josito,a,act,Round 4,0
.lucky_7.,itsaregionaldialect,a,act,Round 4,0
Antinomy,Drby,b,act,Round 4,0
hachimaki.,GSC_Lover_Boy,b,act,Round 4,0
Seradess,strawbbz,b,act,Round 5,0
Fakes,Ho_Chi,A,3002 3003,Round 5,2
Triangles,depressioncherry_66209,B,3004 3005,Round 5,2
Fear,_uka,A,3006 3007,Round 5,2
jumpy23,Sophocles,A,3008 3009,Round 5,2
Kollin,Saint-ome,A,3010 3011 3012,Round 5,2
River,annuit99,B,3013 3014 3015,Round 5,2
Carapinga,cepulo,B,3016 3017 3018,Round 5,2
Mielke,fastandsleepy,A,3019 3020,Round 5,2
Pokology,denizs8,A,3021 3022 3023,Round 5,2
laxuy,monchooo,B,3024 3025,Round 5,2
JR,secondari,A,3203 3204 3205,Round 5,2
Sheik,tyler.cox,A,3026 3027,Round 5,2
48,dicerat8,B,3206 3207 3208,Round 5,2
Johnald,Ghostmalone.,A,3028 3029,Round 5,2
ThisGuyMuks,oskari1707,B,3030 3031 3032,Round 5,2
DeezCastforms,Amir (lordamir & lordamir2),B,3209 3210 3211,Round 5,2
Zelph,luisin,A,3033 3034 3035,Round 5,2
Kai (aplgd),Cake,B,3212 3213 3214,Round 5,2
MeEsSm,Egor,B,3036 3037,Round 5,2
shawtyyyyyyy,Churi,B,3215 3216,Round 5,2
Alice,xXEricXx,A,3038 3039,Round 5,2
pkLeech,Ghostfall22,A,3217 3218 3219,Round 5,2
Caloom,milkshook00,b,act,Round 5,0
Cyberodin,ThunderousBagel,a,3247 3248,Round 5,2
Blues,med470,A,3040 3041,Round 5,2
Pak,woeishuen,A,3042 3043,Round 5,2
Voyager,justbestlevels,B,3044 3045,Round 5,2
void,samjamslam,B,3046 3047,Round 5,2
Mayo,.brever.,A,3048 3049,Round 5,2
Adam,ccgeek_,A,3220 3221,Round 5,2
Big Will,sheikhater,A,3050 3051,Round 5,2
keepingiticy,air602,A,3052 3053,Round 5,2
Typhoon Carter,lengloi,A,3054 3055 3056,Round 5,2
eliandiditagain,chtx,A,3057 3058,Round 5,2
D3stiny,xho_xho_,b,act,Round 5,0
Zacpz,Scrigman,A,3059 3060,Round 5,2
Segale,busyboi,A,3061 3062,Round 5,2
Colteor,SoCalSon,A,3063 3064,Round 5,2
earlgr3y,_rekkzz_,A,3065 3066,Round 5,2
Celdanami,mintyerb,A,3067 3068,Round 5,2
Christos,Beignet,A,3069 3070,Round 5,2
Dridri457,@spreek,B,2686 2687,Round 5,2
Figull400,Fantasmal_.,A,3092 3093,Round 5,2
Don Tonionie,no8ull,A,2750 2751,Round 5,2
Bhol,flareliger,A,2683 2684 2685,Round 5,2
xTina,zettsbro,A,2978 2979,Round 5,2
Evakiyama,Dwightasaurus,B,2688 2689,Round 5,2
Vayun,adv_fella,b,act,Round 5,0
kingofironfrisk,rovels,A,2737 2738,Round 5,2
OopsAllDeoxys,kvistsivk,A,2980 2981 2982,Round 5,2
Exiline,jerdgerd,a,act,Round 5,0
Zpanther,b1ur,a,3110 3111 3112,Round 5,2
Nicole,Forte_French,A,2983 2984,Round 5,2
Rambode,sapphire918,A,2690 2691,Round 5,2
xGangg,danielck9797,A,2739 2740,Round 5,2
H>L,GreenCity,a,act,Round 5,0
Marshy,dragonsareoptimal,B,2988 2989 2990,Round 5,2
OOF_MAXIMA,ChocoboJoe,A,2692 2693,Round 5,2
Incognition,Tiberiusfieri,A,2694 2695 2696,Round 5,2
Tempokin,Simonf,a,2515 2516,Round 5,2
King Raska,Blanched,b,3154 3155 3156,Round 5,2
qsns,onewhorants,A,2991 2992 2993,Round 5,2
Cyberas,poots6476,a,3135 3136,Round 5,2
Mantis,EatYourToastSon,a,3097 3098,Round 5,2
Younglemonhope,dadaasdcfaw,B,2741 2742 2743,Round 5,2
Shadowtime2000,wavy_ish,b,act,Round 5,0
ratdogreborn,f1remaster (Hikari),b,2697 2698,Round 5,2
Otto,tehpenguinofdoom,A,2517 2518 2519,Round 5,2
Dancing Along/Abreaction,The_Badger1230,A,2744 2745 2746,Round 5,2
Just_Leo,socialinclusion,b,3099 3101 3102,Round 5,2
Zinc,lexi.pup,B,2994 2995 2996,Round 5,2
Jabba,sbmalus,B,2699 2700 2701,Round 5,2
knexhawk,squirtle_squadbig_squatto,a,3227 3228 3229,Round 5,2
bd31,thedarvinist,a,3094 3095 3096,Round 5,2
.verb,mmtimmo,B,2510 2511 2512,Round 5,2
Skarpherim,yuramas,A,2513 2514,Round 5,2
Yoink 0,Nicko8,b,3103 3104,Round 5,2
style_purposes,Agustin Palacios,B,2747 2748 2749,Round 5,2
Papa Escargo,executive_assistant,A,2997 2998 2999,Round 5,2
gstrem_,sieefffmon,B,act,Round 5,0
Goose824,dhgss,b,act,Round 5,0
clarissen,gogozeppeli1890 (rconquer),b,act,Round 5,0
tonii5531,moistmania,A,2648 2649,Round 5,2
wwwmonmon,Alargemongoose,B,2710 2711 2712,Round 5,2
jd_orph,Tefo,A,2639 2640,Round 5,2
datguycactus,dylan69__,b,act,Round 5,0
venomshoc,Don7331,A,2702 2703,Round 5,2
wiilink100,Rainer7849,B,2644 2645,Round 5,2
iNeedJuuce,s_2_w,B,3071 3072,Round 5,2
sligoblues,jozin457,A,3078 3079,Round 5,2
ghostreported,incognidoqueen,a,3260 3261,Round 5,2
lemonlc,emerald_harrold,B,3000 3001,Round 5,2
stolenpaper,blunderpolicy,B,2706 2707,Round 5,2
egocheck,CheesiMoon,B,2894 2895 2896,Round 5,2
Kenuckz,.aj2.0,A,3073 3074 3075,Round 5,2
Salamaster,gorbinator.,B,2752 2753,Round 5,2
S.k.magnet,gonzasaurio50,B,2681 2682,Round 5,2
Svejk97,.GeneralRevan,B,2655 2656,Round 5,2
greencatkid,thestonewallsmith,A,2646 2647,Round 5,2
pac_rojo,Himura,A,2637 2638,Round 5,2
Stockings,bohrier,A,2734 2735 2736,Round 5,2
FaceOFF,anashensoul,A,act,Round 5,0
TRXXJEH,choicescarf002,B,2754 2755,Round 5,2
heyitsmeriley,tree69420,A,2704 2705,Round 5,2
Lunasran,Cream314,A,3080 3081 3082,Round 5,2
jthompson9021,saltocorto,B,2650 2651 2652,Round 5,2
jaden_17522,Colby2D,a,3225 3226,Round 5,2
durmain (slamonBbq),cocoo7538,A,2653 2654,Round 5,2
witgiz,elmagneto,A,2679 2680,Round 5,2
Guebor,SUB 2,a,act,Round 5,0
Altina,jeem16,b,act,Round 5,0
Leo,lucyisafish,b,act,Round 5,0
Tyros,Stuckkkk,B,3200 3201 3202,Round 5,2
udm31,shadowinger,A,2756 2757,Round 5,2
gambling.goddess,Spfunkm,a,act,Round 5,0
the_app,W_R,a,act,Round 5,0
Zerkas,ilikeeatingcrayons,A,2708 2709,Round 5,2
goldmason,biff_the_banana,B,act,Round 5,0
OOZ,tavi_tavi,A,3076 3077,Round 5,2
Mackenzie,isaiahterveen,A,2641 2642 2643,Round 5,2
Sanke Carp,steffmoney,a,3113 3114,Round 5,2
Roy Yamaha,Mulikki123,B,3115 3116 3117,Round 5,2
Buzzed,Goodnightloulou,A,2758 2759,Round 5,2
Zcarlett,Witchgender,a,3118 3119,Round 5,2
Alecss,swaggy001066,a,3120 3121 3122,Round 5,2
Cryolite,scootymcbooty123,B,2760 2761 2762,Round 5,2
Hinkage,GSC_Lover_Boy,A,2763 2764 2765,Round 5,2
Psychokinetic4,HunarPG,A,3123 3124 3125,Round 5,2
kuru1432,wolfturds,B,2766 2767,Round 5,2
Latlat1,bydy2,B,2768 2769,Round 5,2
Redmoonie,DeathbyDunsparce,A,2770 2771,Round 5,2
Samnyg,almarkowbender,B,2772 2773,Round 5,2
UnzipsCrogre,millingwinds,A,act,Round 5,0
blisy,starii88,a,3126 3127 3128,Round 5,2
Moneybaggslowbro,thegreatest23,b,3129 3130 3131,Round 5,2
Fierros47,@struggles_under_pressure,A,2774 2775,Round 5,2
Print Screen,tibetanator,B,2776 2777,Round 5,2
DanWhoDis,Vholtninja,B,2778 2779 2780,Round 5,2
larkindred,tj_srevlis,a,3132 3133 3134,Round 5,2
triiplemonstre,nekuyagokoro,b,act,Round 5,0
5darkelves_gmen,ashvinbutduck,B,2781 2782,Round 5,2
goldthe1andonly,usbreon,A,2783 2784 2785,Round 5,2
resen,Cyber-DJ,B,2786 2787 2788,Round 5,2
Raven_queen,kalarse,b,3245 3246,Round 5,2
garcilp,Baptista,A,3137 3138 3139,Round 5,2
pLzzazz,gudemuch,B,2789 2790,Round 5,2
triskeriaki,brestelli,a,act,Round 5,0
nicki4,Zacynthius02,A,2791 2792,Round 5,2
bruh504,SgtPingwen,A,2793 2794,Round 5,2
SqueamishCube,cashzachary,b,3242 3243 3244,Round 5,2
ShotoNC,swope,a,act,Round 5,0
dorugang,_deacon,b,3239 3240 3241,Round 5,2
tanao,UsernameABCD,b,3257 3258 3259,Round 5,2
fuckboylenny,kewta,A,2795 2796,Round 5,2
leofox___,JoJ,B,3140 3141 3142,Round 5,2
ltg04,Shifty1239,A,2797 2798 2799,Round 5,2
.seden,Rebatca,B,3143 3144 3145,Round 5,2
Wizzyhatg,elysyr,B,3146 3147 3148,Round 5,2
PuruglyIsUgly,SentientSanchez,B,3149 3150,Round 5,2
Leeto64,olliertlol,a,act,Round 5,0
doh#5604,green.9082,b,2897 2898,Round 5,2
Mimien97,sdj,b,2901 2902,Round 5,2
dragonlord6954,Calm Stiege,a,2903 2904 2905,Round 5,2
Melninja,skittleskitty,a,2906 2907 2908,Round 5,2
cisconduct,@pek__,b,2909 2910 2911,Round 5,2
doc.steel,koentjelub,a,2912 2913,Round 5,2
swordpeace3232,Ehtis,b,2914 2915 2916,Round 5,2
LevysChair,Vassimobin,b,2917 2918 2919,Round 5,2
Kenava,dinkdank_,a,3151 3152 3153,Round 5,2
tamafuyu,chrisdrums19,a,2920 2921,Round 5,2
Superstar,comseal,b,3230 3231 3232,Round 5,2
KeshBa45,dustyfans,b,2922 2923,Round 5,2
crustaceus,Ktools#9665,a,2924 2925,Round 5,2
Polt99,Mamakoko,b,2926 2927 2928,Round 5,2
draccus_comun,aldrichunfaithful,b,2929 2930 2931,Round 5,2
ultraemeraldman_16197,frogsella,a,2932 2933 2934,Round 5,2
treeshhhh,Klird,b,2935 2936 2937,Round 5,2
Grain_Jar,Typlion,a,2938 2939,Round 5,2
Yatagarasuwu,I am the Jarl,b,act,Round 5,0
tsuki.no.miko,scrapmetal56,a,2940 2941 2942,Round 5,2
ManiacalDolphin,Rezzo,b,2943 2944,Round 5,2
diegoyuhhi,Sificon,b,act,Round 5,0
Hypermoth,darth_halux,a,2945 2946,Round 5,2
@xlimexheep,charku,b,2947 2948,Round 5,2
Mintyfresh756,Greyaz,a,2951 2952,Round 5,2
almbkn,Dig Boshi,a,2949 2950,Round 5,2
otael,biluv_v,b,2953 2954,Round 5,2
saiyanpride.,.lucky_7.,b,2955 2956,Round 5,2
J0af,deftbrixton,a,2957 2958,Round 5,2
Kydreith33,.turkeyleg,a,3233 3234,Round 5,2
madelinmorningstar,Drby,b,2959 2960 2961,Round 5,2
JCK_ionic,bugthatlovesfish,a,2965 2966 2967,Round 5,2
grahamsandwich,Coco / Yuii,a,3235 3236,Round 5,2
Loneling,@geosesarma,a,3222 3223 3224,Round 5,2
wyli.olivete,funhouse3,a,act,Round 5,0
bigjon.,YlisseanStarlight,a,act,Round 5,0
countsligo,Redrame,b,2968 2969,Round 5,2
dimiswooner,jew9318,b,2970 2971,Round 5,2
1captainmorgan,yallen,b,2713 2714,Round 5,2
epiclyepicgamer,yd12k,a,3083 3084 3085,Round 5,2
lucida,kylemckell,a,2715 2716,Round 5,2
Eggman,ebitachy,b,act,Round 5,0
MoxieKrok,billgatesalt_53189,b,2972 2973,Round 5,2
nemesis_deno,btalb,b,2717 2718,Round 5,2
Microsoft_J,tub69,a,2976 2977,Round 5,2
DonlyPhans,mewunderscoretwo,a,2657 2658,Round 5,2
cow3492,zxgzxg,a,2886 2887 2888,Round 5,2
WraxiusGaming,pinjarrapanther,a,3237 3238,Round 5,2
sanbaibeepo,tahat_t,b,2659 2660,Round 5,2
cremozar#6029,.alig.,b,act,Round 5,0
caps lock 3009,TacCat,b,3249 3250,Round 5,2
msousa,gpd_123,a,act,Round 5,0
Reptikrook,Derde,a,2889 2890 2891,Round 5,2
danielsemmson,diamonddiancie,a,2719 2720 2721,Round 5,2
vy_apostrophe,darth0068,a,act,Round 5,0
nadiddhrabb,jensendale,a,act,Round 5,0
James67,jankcity,b,2661 2662,Round 5,2
Kenmarijuana,rizzarroflame,a,act,Round 5,0
.FunkyCop,zoyotte,b,3105 3106,Round 5,2
iwasmoth,Graham (graaahaaam),b,2892 2893,Round 5,2
Attazer,JxJ,a,2663 2664 2665,Round 5,2
Sorenkazer,poosh_i,a,2722 2723 2724,Round 5,2
diegoin10,owlman7507,b,3251 3252 3253,Round 5,2
jussydkt,br.twfb,b,3254 3255 3256,Round 5,2
ditdus.,halbertsimpson,a,2666 2667,Round 5,2
hipimochi,Axselo,b,2668 2669 2670,Round 5,2
lemon04,fayestra,a,2725 2726,Round 5,2
Aahaahaah,jotaentrena,a,2974 2975,Round 5,2
MrBluestacks,KingWafl,b,2671 2672 2673,Round 5,2
.germ_,derevien,b,2674 2675,Round 5,2
terradayy,Lhions,b,act,Round 5,0
marcelbruer,Melee Minion,b,3086 3087 3088,Round 5,2
Genofool,ReavenFTW,b,2727 2728 2729,Round 5,2
kinou_pkm,Felizelise,a,act,Round 5,0
Tyxerns,allmovingshadows,b,2732 2733,Round 5,2
skitz_money,irrelevantone,b,act,Round 5,0
xamvius,Upon_Link_Main,a,2676 2677 2678,Round 5,2
etibamecus.,Basharapplejuice,b,3089 3090 3091,Round 5,2
mintchocolateguy,moggie776,a,2985 2986 2987,Round 5,2
Drekt93#0078,clinkbug,b,3107 3108 3109,Round 5,2
nichard_,theepiccd56,a,2730 2731,Round 5,2
Fear,pac_rojo,A,3533 3534 3535,Round 6,2
Fakes,depressioncherry_66209,A,3304 3305,Round 6,2
jumpy23,monchooo,A,3565 3566 3567,Round 6,2
Kollin,annuit99,A,3506 3507 3508,Round 6,2
Mielke,oskari1707,A,3615 3616 3617,Round 6,2
Pokology,cepulo,A,3509 3510,Round 6,2
JR,dicerat8,B,3511 3512,Round 6,2
Sheik,Amir (lordamir & lordamir2),B,3157 3158 3159,Round 6,2
Johnald,Cake,A,3568 3569,Round 6,2
Zelph,Egor,A,3536 3537 3538,Round 6,2
Alice,Churi,B,3306 3307,Round 6,2
Triangles,strawbbz,A,3308 3309,Round 6,2
pkLeech,milkshook00,A,3570 3571,Round 6,2
Cyberodin,xho_xho_,A,3572 3573 3574,Round 6,2
Blues,mmtimmo,A,3539 3540 3541,Round 6,2
Pak,gorbinator.,A,3310 3311,Round 6,2
River,adv_fella,A,3513 3514,Round 6,2
Carapinga,heyitsmeriley,A,3312 3313,Round 6,2
Mayo,Agustin Palacios,B,3515 3516 3517,Round 6,2
Adam,wavy_ish,A,3518 3519 3520,Round 6,2
laxuy,dylan69__,A,3575 3576,Round 6,2
Big Will,Blanched,B,3314 3315,Round 6,2
keepingiticy,socialinclusion,B,3577 3578 3579,Round 6,2
Typhoon Carter,dadaasdcfaw,A,3521 3522,Round 6,2
48,sligoblues,B,3523 3524 3525,Round 6,2
eliandiditagain,tonii5531,A,3316 3317,Round 6,2
Zacpz,Saint-ome,a,3396 3397,Round 6,2
Segale,s_2_w,A,3526 3527,Round 6,2
Colteor,sieefffmon,B,3318 3319,Round 6,2
earlgr3y,jaden_17522,A,3580 3581 3582,Round 6,2
Celdanami,.GeneralRevan,A,3320 3321,Round 6,2
ThisGuyMuks,Sophocles,A,3528 3529 3530,Round 6,2
Christos,tyler.cox,A,3322 3323,Round 6,2
DeezCastforms,blunderpolicy,A,3583 3584,Round 6,2
Figull400,Stockings,B,3585 3586 3587,Round 6,2
Don Tonionie,sbmalus,A,3531 3532,Round 6,2
Bhol,Papa Escargo,a,3556 3558 3559,Round 6,2
xTina,ghostreported,a,3336 3337 3338,Round 6,2
Kai (aplgd),@spreek,a,3339 3341 3342,Round 6,2
MeEsSm,venomshoc,a,3343 3344 3345,Round 6,2
kingofironfrisk,Kenuckz,b,3346 3347,Round 6,2
OopsAllDeoxys,FaceOFF,b,3378 3379 3380,Round 6,2
Exiline,Lunasran,a,3542 3543,Round 6,2
Zpanther,Rainer7849,a,3348 3349,Round 6,2
Nicole,secondari,a,3607 3608 3609,Round 6,2
Rambode,denizs8,b,3350 3351 3352,Round 6,2
xGangg,jd_orph,a,3353 3354,Round 6,2
shawtyyyyyyy,Nicko8,b,act,Round 6,0
H>L,gonzasaurio50,a,3383 3384 3385,Round 6,2
xXEricXx,samjamslam,a,3481 3482 3483,Round 6,2
OOF_MAXIMA,f1remaster (Hikari),a,3355 3356,Round 6,2
Incognition,choicescarf002,a,3357 3358,Round 6,2
Tempokin,witgiz,b,3359 3360,Round 6,2
qsns,saltocorto,a,3361 3362,Round 6,2
Cyberas,Alargemongoose,B,3604 3605 3606,Round 6,2
Mantis,justbestlevels,b,3363 3364 3365,Round 6,2
Otto,Ghostmalone.,a,3366 3367,Round 6,2
Seradess,Dwightasaurus,a,3479 3480,Round 6,2
Dancing Along/Abreaction,emerald_harrold,a,3388 3389,Round 6,2
luisin,Ho_Chi,a,3381 3382,Round 6,2
knexhawk,dragonsareoptimal,b,3368 3369,Round 6,2
bd31,fastandsleepy,b,act,Round 6,0
Skarpherim,lexi.pup,a,3393 3394 3395,Round 6,2
_uka,dhgss,a,3560 3561,Round 6,2
gogozeppeli1890 (rconquer),CheesiMoon,b,3370 3371,Round 6,2
greencatkid,durmain (slamonBbq),b,3562 3563,Round 6,2
yallen,SUB 2,a,act,Round 6,0
Caloom,Don7331,a,3372 3373,Round 6,2
Voyager,wiilink100,a,3374 3375,Round 6,2
void,Rebatca,a,3476 3477 3478,Round 6,2
udm31,lucida,a,3376 3377,Round 6,2
D3stiny,ShotoNC,a,3197 3198,Round 6,2
Zerkas,tehpenguinofdoom,b,3172 3173,Round 6,2
Dridri457,Hypermoth,a,3390 3391 3392,Round 6,2
OOZ,thedarvinist,b,3179 3180,Round 6,2
Evakiyama,Vassimobin,A,3289 3290,Round 6,2
Vayun,ebitachy,a,3332 3333,Round 6,2
Mackenzie,GreenCity,a,act,Round 6,0
Sanke Carp,aldrichunfaithful,b,3294 3295 3296,Round 6,2
Marshy,almarkowbender,b,act,Round 6,0
Buzzed,jankcity,b,3472 3473,Round 6,2
King Raska,msousa,b,3553 3554 3555,Round 6,2
Zcarlett,fuckboylenny,A,3291 3292 3293,Round 6,2
Alecss,KingWafl,a,3324 3325 3326,Round 6,2
Younglemonhope,flareliger,a,3474 3475,Round 6,2
Shadowtime2000,stolenpaper,b,act,Round 6,0
ratdogreborn,J0af,b,3199 3264 3265,Round 6,2
Hinkage,Cream314,b,3327 3328,Round 6,2
Just_Leo,rovels,a,act,Round 6,0
Zinc,Redrame,a,act,Round 6,0
Jabba,kalarse,a,3266 3267 3268,Round 6,2
Psychokinetic4,Fantasmal_.,B,3297 3298,Round 6,2
.verb,Basharapplejuice,a,3299 3300 3301,Round 6,2
Yoink 0,Melee Minion,a,3163 3164 3165,Round 6,2
gambling.goddess,ashvinbutduck,b,3170 3171,Round 6,2
jerdgerd,med470,a,3329 3330 3331,Round 6,2
gstrem_,yuramas,a,3181 3182 3183,Round 6,2
Kydreith33,Simonf,a,3269 3270 3271,Round 6,2
style_purposes,goldthe1andonly,a,3174 3175 3176,Round 6,2
Redmoonie,blisy,a,3386 3387,Round 6,2
cow3492,.lucky_7.,b,act,Round 6,0
lucyisafish,tree69420,b,3168 3169,Round 6,2
Stuckkkk,kinou_pkm,b,3302 3303,Round 6,2
UnzipsCrogre,Forte_French,b,3334 3335,Round 6,2
WraxiusGaming,biluv_v,a,3272 3273 3274,Round 6,2
Colby2D,Mulikki123,a,3177 3178,Round 6,2
jeem16,larkindred,a,act,Round 6,0
chtx,DonlyPhans,a,3418 3419 3420,Round 6,2
charku,executive_assistant,a,3421 3422 3423,Round 6,2
.brever.,tahat_t,a,3424 3425 3426,Round 6,2
JCK_ionic,_deacon,b,3427 3428 3429,Round 6,2
S.k.magnet,I am the Jarl,a,3430 3431 3432,Round 6,2
Kenava,sheikhater,a,3433 3434,Round 6,2
ReavenFTW,Aahaahaah,a,3435 3436,Round 6,2
Mamakoko,billgatesalt_53189,b,3184 3185 3186,Round 6,2
dustyfans,Salamaster,a,3437 3438 3439,Round 6,2
TacCat,nadiddhrabb,b,3187 3188 3189,Round 6,2
wolfturds,anashensoul,a,3190 3191,Round 6,2
Axselo,SoCalSon,a,3192 3193,Round 6,2
vy_apostrophe,Attazer,a,3440 3441,Round 6,2
egocheck,nekuyagokoro,a,3442 3443,Round 6,2
scootymcbooty123,Drby,a,3444 3445,Round 6,2
ccgeek_,crustaceus,a,3549 3550,Round 6,2
elysyr,incognidoqueen,a,3194 3195 3196,Round 6,2
Goose824,kvistsivk,b,act,Round 6,0
SentientSanchez,air602,b,3446 3447 3448,Round 6,2
cashzachary,Lhions,a,3449 3450,Round 6,2
Cyber-DJ,Fierros47,a,3451 3452,Round 6,2
Sorenkazer,Microsoft_J,a,3453 3454,Round 6,2
zoyotte,Scrigman,b,3551 3552,Round 6,2
thegreatest23,busyboi,b,3455 3456,Round 6,2
bydy2,Leeto64,a,3457 3458 3459,Round 6,2
_rekkzz_,Melninja,a,3275 3276,Round 6,2
jahim_,JoJ,b,3398 3399,Round 6,2
iNeedJuuce,Mintyfresh756,b,3460 3461,Round 6,2
tibetanator,ltg04,a,3462 3463 3464,Round 6,2
lengloi,.aj2.0,a,3465 3466 3467,Round 6,2
elmagneto,Guebor,a,3468 3469,Round 6,2
Rezzo,datguycactus,a,3262 3263,Round 6,2
moistmania,wyli.olivete,a,3470 3471,Round 6,2
Himura,mintyerb,b,3166 3167,Round 6,2
no8ull,wwwmonmon,b,3160 3161 3162,Round 6,2
Grain_Jar,woeishuen,b,3400 3401,Round 6,2
Kenmarijuana,ditdus.,a,3402 3403 3404,Round 6,2
grahamsandwich,doc.steel,a,3405 3406 3407,Round 6,2
biff_the_banana,br.twfb,b,3408 3409,Round 6,2
The_Badger1230,lemonlc,a,3484 3485 3486,Round 6,2
nicki4,nichard_,a,3487 3488 3489,Round 6,2
danielsemmson,@pek__,B,3602 3603,Round 6,2
jozin457,epiclyepicgamer,b,3490 3491,Round 6,2
gudemuch,Ehtis,B,3600 3601,Round 6,2
cocoo7538,dragonlord6954,b,3277 3278 3279,Round 6,2
comseal,irrelevantone,b,3410 3411,Round 6,2
lemon04,almbkn,a,3412 3413,Round 6,2
squirtle_squadbig_squatto,jew9318,a,3414 3415,Round 6,2
owlman7507,sapphire918,a,3280 3281,Round 6,2
bruh504,thestonewallsmith,A,3598 3599,Round 6,2
xamvius,the_app,b,3416 3417,Round 6,2
ThunderousBagel,Reptikrook,A,3613 3614,Round 6,2
Klird,tsuki.no.miko,a,3546 3547 3548,Round 6,2
.alig.,Svejk97,A,3596 3597,Round 6,2
clinkbug,Tefo,b,3492 3493,Round 6,2
UsernameABCD,mintchocolateguy,A,3593 3594 3595,Round 6,2
Tiberiusfieri,jthompson9021,A,3610 3611 3612,Round 6,2
garcilp,EatYourToastSon,A,3591 3592,Round 6,2
Beignet,Graham (graaahaaam),a,3494 3495 3496,Round 6,2
poots6476,TRXXJEH,b,3282 3283,Round 6,2
bigjon.,Vholtninja,a,3544 3545,Round 6,2
derevien,onewhorants,a,3284 3285 3286,Round 6,2
green.9082,zettsbro,a,3497 3498,Round 6,2
tamafuyu,sdj,A,3588 3589 3590,Round 6,2
triskeriaki,btalb,a,3499 3500 3501,Round 6,2
Ghostfall22,Loneling,a,3502 3503,Round 6,2
clarissen,b1ur,b,act,Round 6,0
allmovingshadows,bohrier,b,3287 3288,Round 6,2
ultraemeraldman_16197,ChocoboJoe,b,3504 3505,Round 6,2
Churi,durmain (slamonBbq),A,3886 3887 3888,Round 7,2
Fakes,dicerat8,A,3618 3619,Round 7,2
Fear,Amir (lordamir & lordamir2),B,3860 3861,Round 7,2
jumpy23,Zelph,A,3862 3863 3864,Round 7,2
Kollin,Johnald,A,3719 3720,Round 7,2
Mielke,Pokology,A,3865 3866 3867,Round 7,2
Cyberodin,emerald_harrold,B,3868 3869,Round 7,2
Triangles,Agustin Palacios,A,3870 3871 3872,Round 7,2
pkLeech,CheesiMoon,A,3858 3859,Round 7,2
Blues,socialinclusion,A,3873 3874,Round 7,2
Pak,Blanched,A,3721 3722 3723,Round 7,2
River,oskari1707,A,3620 3621 3622,Round 7,2
Carapinga,annuit99,B,3623 3624,Round 7,2
Adam,monchooo,A,3625 3626,Round 7,2
laxuy,fastandsleepy,A,3724 3725 3726,Round 7,2
JR,_uka,A,act,Round 7,0
Sheik,Stockings,A,3875 3876,Round 7,2
Typhoon Carter,Alargemongoose,B,3727 3728 3729,Round 7,2
eliandiditagain,dragonsareoptimal,B,3627 3628 3629,Round 7,2
Zacpz,sligoblues,A,3877 3878,Round 7,2
Segale,denizs8,A,3730 3731 3732,Round 7,2
earlgr3y,Kenuckz,A,3733 3734,Round 7,2
Celdanami,FaceOFF,B,3879 3880 3881,Round 7,2
ThisGuyMuks,Nicko8,A,3882 3883,Round 7,2
Christos,witgiz,A,3735 3736,Round 7,2
DeezCastforms,justbestlevels,A,3737 3738,Round 7,2
Don Tonionie,cepulo,B,3739 3740,Round 7,2
Bhol,sieefffmon,A,3630 3631,Round 7,2
xTina,xho_xho_,B,3884 3885,Round 7,2
Kai (aplgd),depressioncherry_66209,B,3741 3742,Round 7,2
MeEsSm,Skarpherim,B,3743 3744 3745,Round 7,2
Exiline,luisin,a,3746 3747 3748,Round 7,2
Zpanther,Dancing Along/Abreaction,a,3749 3750,Round 7,2
Nicole,Seradess,b,3751 3752,Round 7,2
xGangg,Otto,b,3753 3754 3755,Round 7,2
Alice,Cake,a,3756 3757,Round 7,2
H>L,qsns,a,3758 3759,Round 7,2
xXEricXx,Egor,a,act,Round 7,0
OOF_MAXIMA,Incognition,a,3845 3846 3847,Round 7,2
Caloom,TRXXJEH,a,3760 3761,Round 7,2
Voyager,Beignet,a,3848 3849 3850,Round 7,2
void,Ho_Chi,a,3851 3852 3853,Round 7,2
Mayo,milkshook00,a,3854 3855,Round 7,2
udm31,greencatkid,a,3762 3763,Round 7,2
Big Will,tree69420,b,3764 3765,Round 7,2
keepingiticy,jeem16,a,3766 3767 3768,Round 7,2
48,vy_apostrophe,a,3769 3770 3771,Round 7,2
D3stiny,Saint-ome,a,3772 3773,Round 7,2
Colteor,tamafuyu,b,3856 3857,Round 7,2
Dridri457,f1remaster (Hikari),b,3774 3775,Round 7,2
Figull400,thedarvinist,a,3776 3777 3778,Round 7,2
Evakiyama,epiclyepicgamer,b,3779 3780,Round 7,2
Vayun,Ghostmalone.,a,act,Round 7,0
kingofironfrisk,ReavenFTW,b,3781 3782 3783,Round 7,2
Rambode,cashzachary,b,3784 3785 3786,Round 7,2
shawtyyyyyyy,UsernameABCD,b,act,Round 7,0
Mackenzie,heyitsmeriley,a,3787 3788 3789,Round 7,2
Tempokin,blunderpolicy,b,3790 3791 3792,Round 7,2
Cyberas,stolenpaper,a,act,Round 7,0
Zcarlett,Fantasmal_.,a,3793 3794,Round 7,2
Alecss,dhgss,b,3795 3796 3797,Round 7,2
Mantis,dylan69__,a,3662 3663,Round 7,2
Younglemonhope,wwwmonmon,b,3798 3799,Round 7,2
Just_Leo,Lunasran,a,3695 3696,Round 7,2
Zinc,woeishuen,a,3697 3698 3699,Round 7,2
Jabba,billgatesalt_53189,a,3701 3702,Round 7,2
knexhawk,ashvinbutduck,a,3664 3665,Round 7,2
bd31,dustyfans,b,act,Round 7,0
.verb,irrelevantone,b,3666 3667 3668,Round 7,2
Yoink 0,bigjon.,a,3669 3670,Round 7,2
green.9082,secondari,b,3800 3801 3802,Round 7,2
yallen,.GeneralRevan,b,3803 3804 3805,Round 7,2
S.k.magnet,jerdgerd,a,3671 3672 3673,Round 7,2
Cream314,kvistsivk,a,3674 3675,Round 7,2
the_app,_deacon,b,3676 3677,Round 7,2
jd_orph,Cyber-DJ,A,3806 3807,Round 7,2
tehpenguinofdoom,s_2_w,b,3889 3700,Round 7,2
gonzasaurio50,ChocoboJoe,b,3808 3809,Round 7,2
ccgeek_,sbmalus,a,3681 3682,Round 7,2
dadaasdcfaw,Mintyfresh756,b,3678 3679 3680,Round 7,2
lexi.pup,nadiddhrabb,a,3683 3684 3685,Round 7,2
Sophocles,ThunderousBagel,A,3810 3811,Round 7,2
bruh504,bohrier,a,3686 3687,Round 7,2
moistmania,tyler.cox,b,3842 3843 3844,Round 7,2
mmtimmo,elysyr,b,act,Round 7,0
kinou_pkm,Kydreith33,b,3688 3689 3690,Round 7,2
Dwightasaurus,squirtle_squadbig_squatto,a,3812 3813 3814,Round 7,2
saltocorto,ghostreported,b,3691 3692,Round 7,2
scootymcbooty123,jaden_17522,a,3815 3816 3817,Round 7,2
samjamslam,Rainer7849,a,act,Round 7,0
venomshoc,JoJ,a,3693 3694,Round 7,2
tonii5531,adv_fella,a,3818 3819 3820,Round 7,2
gstrem_,Papa Escargo,b,3703 3704,Round 7,2
Redmoonie,style_purposes,b,3705 3706 3707,Round 7,2
Ehtis,chtx,b,3821 3822,Round 7,2
garcilp,owlman7507,b,3823 3824 3825,Round 7,2
aldrichunfaithful,The_Badger1230,a,3632 3633 3634,Round 7,2
almarkowbender,@spreek,b,3635 3636,Round 7,2
gorbinator.,air602,a,3637 3638 3639,Round 7,2
bydy2,.alig.,a,3640 3641,Round 7,2
charku,dragonlord6954,a,3826 3827 3828,Round 7,2
mintyerb,wavy_ish,a,3708 3709 3710,Round 7,2
Ghostfall22,b1ur,a,3642 3643,Round 7,2
Kenava,@pek__,b,3644 3645 3646,Round 7,2
triskeriaki,gogozeppeli1890 (rconquer),b,act,Round 7,0
Tefo,Sificon,b,3647 3648,Round 7,2
busyboi,choicescarf002,b,3829 3830,Round 7,2
Colby2D,derevien,b,3711 3712,Round 7,2
jankcity,Axselo,a,3831 3832,Round 7,2
Scrigman,Rezzo,b,3713 3714,Round 7,2
tibetanator,strawbbz,a,act,Round 7,0
br.twfb,_rekkzz_,a,3715 3716,Round 7,2
J0af,pac_rojo,b,3649 3650,Round 7,2
msousa,lengloi,a,3651 3652 3653,Round 7,2
Sorenkazer,.lucky_7.,a,3833 3834 3835,Round 7,2
.brever.,elmagneto,b,3717 3718,Round 7,2
egocheck,Forte_French,b,3654 3655,Round 7,2
WraxiusGaming,grahamsandwich,b,3656 3657 3658,Round 7,2
nicki4,lemon04,b,3836 3837 3838,Round 7,2
Klird,wolfturds,a,3839 3840 3841,Round 7,2
Kenmarijuana,Tiberiusfieri,b,3659 3660 3661,Round 7,2
Fakes,Amir (lordamir & lordamir2),b,3969 3970 3971,Round 8,2
jumpy23,Churi,a,4044 4045 4046,Round 8,2
Kollin,Mielke,a,3972 3973,Round 8,2
Johnald,secondari,b,3974 3975 3976,Round 8,2
Triangles,xho_xho_,a,3977 3978,Round 8,2
pkLeech,annuit99,a,3979 3980,Round 8,2
Fear,depressioncherry_66209,a,3981 3982,Round 8,2
Blues,Alargemongoose,b,3985 3986 3987,Round 8,2
Pak,FaceOFF,a,3988 3989 3990,Round 8,2
River,dicerat8,b,3991 3992 3993,Round 8,2
Pokology,dragonsareoptimal,a,3996 3997 3998,Round 8,2
Adam,cepulo,b,4069 4070,Round 8,2
laxuy,Skarpherim,a,3999 4000,Round 8,2
JR,Seradess,a,4001 4002,Round 8,2
Sheik,Otto,b,4003 4004 4005,Round 8,2
Zacpz,OOF_MAXIMA,b,4006 4007 4008,Round 8,2
Segale,xXEricXx,b,4009 4010,Round 8,2
earlgr3y,H>L,a,4042 4043,Round 8,2
ThisGuyMuks,Alice,b,4011 4012 4013,Round 8,2
Christos,Zpanther,b,4014 4015 4016,Round 8,2
DeezCastforms,Exiline,a,4017 4018,Round 8,2
Zelph,Bhol,b,4019 4020 4021,Round 8,2
Caloom,Rezzo,a,4022 4023,Round 8,2
Cyberodin,f1remaster (Hikari),a,4024 4025 4026,Round 8,2
Voyager,S.k.magnet,a,4027 4028 4029,Round 8,2
Carapinga,Kenuckz,b,4030 4031,Round 8,2
void,msousa,a,4032 4033 4034,Round 8,2
Mayo,scootymcbooty123,b,4040 4041,Round 8,2
udm31,derevien,a,3983 3984,Round 8,2
keepingiticy,gorbinator.,a,3946 3947,Round 8,2
Typhoon Carter,tyler.cox,a,3948 3949,Round 8,2
48,Tiberiusfieri,a,3950 3951,Round 8,2
eliandiditagain,Ghostfall22,a,3905 3906,Round 8,2
D3stiny,Nicko8,a,3919 3920,Round 8,2
Celdanami,tibetanator,b,4035 4036 4037,Round 8,2
Figull400,sligoblues,a,act,Round 8,0
Don Tonionie,br.twfb,a,3957 3958 3959,Round 8,2
xTina,Forte_French,b,3954 3955 3956,Round 8,2
Kai (aplgd),Agustin Palacios,a,3960 3961,Round 8,2
Vayun,cashzachary,a,3903 3904,Round 8,2
MeEsSm,bydy2,b,3893 3894,Round 8,2
Nicole,wwwmonmon,b,act,Round 8,0
xGangg,ChocoboJoe,a,3895 3896 3897,Round 8,2
Mackenzie,charku,a,3898 3899 3900,Round 8,2
Incognition,denizs8,b,3952 3953,Round 8,2
Egor,Klird,b,act,Round 8,0
qsns,mintyerb,b,3962 3963 3964,Round 8,2
Cyberas,Kydreith33,a,3965 3966,Round 8,2
Cake,blunderpolicy,a,3921 3922 3923,Round 8,2
Zcarlett,dustyfans,b,4038 4039,Round 8,2
Mantis,_deacon,a,3901 3902,Round 8,2
Dancing Along/Abreaction,bruh504,b,3967 3968,Round 8,2
Just_Leo,grahamsandwich,b,3994 3995,Round 8,2
Zinc,@pek__,a,3924 3925 3926,Round 8,2
Jabba,durmain (slamonBbq),b,4047 4048 4049,Round 8,2
luisin,gogozeppeli1890 (rconquer),b,3929 3930,Round 8,2
knexhawk,Stockings,b,3927 3928,Round 8,2
Yoink 0,samjamslam,b,3931 3932,Round 8,2
sieefffmon,Dwightasaurus,A,3890 3891 3892,Round 8,2
dhgss,Cream314,b,3944 3945,Round 8,2
Sificon,tonii5531,a,3907 3908,Round 8,2
epiclyepicgamer,irrelevantone,a,3941 3942 3943,Round 8,2
owlman7507,Papa Escargo,a,3933 3934,Round 8,2
elmagneto,ccgeek_,b,4050 4051 4052,Round 8,2
lemon04,fastandsleepy,b,act,Round 8,0
Sorenkazer,jd_orph,b,3935 3936,Round 8,2
s_2_w,ReavenFTW,a,3937 3938,Round 8,2
UsernameABCD,choicescarf002,b,4053 4054,Round 8,2
.GeneralRevan,elysyr,a,3909 3910,Round 8,2
socialinclusion,tree69420,b,act,Round 8,0
aldrichunfaithful,@spreek,b,4055 4056,Round 8,2
Blanched,monchooo,b,3911 3912 3913,Round 8,2
jankcity,_uka,a,3939 3940,Round 8,2
chtx,Mintyfresh756,b,4057 4058 4059,Round 8,2
oskari1707,style_purposes,a,3916 3915 3914,Round 8,2
venomshoc,Sophocles,a,3917 3918,Round 8,2
emerald_harrold,tamafuyu,a,4060 4061 4062,Round 8,2
pac_rojo,ghostreported,a,4063 4064,Round 8,2
lexi.pup,CheesiMoon,a,4065 4066,Round 8,2
justbestlevels,witgiz,b,4067 4068,Round 8,2
